"","x"
"1",""
"2","LA MERE GARDIENNE ETAIT LONGTEMPS MALADE ET EST DEPISTEE TB POSITIF"
"3","ENFANT BIEN VACCINE"
"4","Problème familial  dont deuil"
"5","PAS MOI QUI DECIDE."
"6","DEPLACEMENT DELA MERE"
"7","REPLACEMENT VERS LEUR VILLAGE NATAL"
"8","MERE DISTRAITE"
"9","COMPLÈTEMENT VACCINÉE"
"10","VOIR 2ÈME DOSE DE VAR ET VAA"
"11","NE TROUVE PAS INTERRET DES VACCINS DU 9 MOIS"
"12","A RECU TOUS LES VACCINS SELON LA DECLARATION DE SA MERE"
"13","REPLACEMENT SUITE A LA GUERRE"
"14","A RECU TOUS LES VACCINS SELON LA DECLARATION DE SA MAMAN"
"15","NON VACCINÉ POUR MINIMISER LE TAUX DE PERTE"
"16","L'ENFANT EST COMPLETEMENT VACCINE"
"17","SAUF 15MOI"
"18","VOYAGE A MBANZA NGUNGU"
"19","ABSCENTE A LA MAISON AU MOMENT DE LA VACCINATION"
"20","OCCUPATIONS DE LA MERE"
"21","DENENAGEMENT CAMPING AGRICOLE"
"22","A TOUS REÇU"
"23","PAR MANQUE D ARGENT"
"24","FAMILLE DEPLACEE"
"25","MON ENFANT A RECU TOUS LES VACCINS"
"26","NON APPLICABLE"
"27","DEPLACEMENT POUR DEUIL"
"28","A EU SES ANTIGENES A SON AGE"
"29","PARENT ET ENFANT ETAIENT EN DEPLACEMENT"
"30","OUBLIE DE LA PART DE LA MERE"
"31","MERE OCCUPEE,  ENFANT SOUVENT MALADE"
"32","MERE OCCUPE DANS LE VOYAGE"
"33","NÉGLIGENCE DES PARENTS,  VOYAGES MULTIPLES"
"34","NON APPLICABLES"
"35","VOYAGE DE LA MERE GARDIENNE"
"36","TROP DE VOYAGES"
"37","COMPLETEMENT VACCINE"
"38","MON ENFANT  A RECU TOUS LES VACCINS"
"39","NOUS ETINS ABSENT PENDANT LA VACCINATION"
"40","COMPLÈTEMENT VACCINÉ"
"41","HORAIRE DES VACCINATEURS"
"42","LE MARI A REFUSE SUITE A UN ABCES APRES SA DEXIEME DOSE"
"43","ENFANT COMPLEMENT VACCINE SUIVANT LES DECLARATIONS DE LA MAMAN"
"44","A RECU TOUS LES VACCINS"
"45","Déplacement de la mère"
"46","CV en cours"
"47","MANQUE D INFORMATIONS POUR LA 2ÈME DOSE DE VAR ET VAA"
"48","PROGRAMME  DES VACCINATEURS"
"49","LONGUE MALADIE DE LA MERE GARDIENNE"
"50","Les déplacements de parents"
"51","L ENFANT ETAIT NE A LUBUTU PAR CESARIENNE ET N AVAIT RECU QUE LE VPO0 A LA NAISSANCE"
"52","ELLE A TOUS EU"
"53","LA MERE N'EST PAS AU COURANT DU VACCIN DE  15 MOIS"
"54","AUCUN PROBLEME"
"55","SON MARI AVAIT REFUSÉ"
"56","VACCIN RECU"
"57","COMPLÈTEMENT VACCINE POUR SON AGE"
"58","PAPA ABSENT"
"59","INDIFFERENCE DE LA MERE"
"60","LA MAMAN  FATIGUE SEULEMENT"
"61","Le déplacement de parents"
"62","DEMENAGEMENT  DE LA FAMILLE"
"63","LES VACCINATEURS NE SONT PAS PASSES CES DERNIERS MOIS"
"64","ENFANT COMPLETEMENT VACCINE"
"65","LONG VOYAGE DE LA MERE"
"66","MAUVAIS FONCTIONNEMENT DU CENTRE DE SANTÉ À CAUSE DE LA MONTEE DES EAUX ,VACCIN NON DISPONIBLE"
"67","DEMENAGEMENT A REPETITION"
"68","CONFLIT ARME A LA BASE DE LA NON VACCINATION DE L ENFANT SUITE AU DEPLACEMENT DE LA POPULATION"
"69","Déplacement suite au conflit"
"70","MAMAN ETAIT AU DEUIL AVEC L ENFANT"
"71","DEPLACEMENT DE LA MERE AVEC UN AUTRE ENFANT MALADE"
"72","COMPLETEMENT VACCINEE"
"73","LE CHANGEMENT DU MILIEU ET LA PERTE DE LA FICHE"
"74","SITES DISTANT"
"75","LA MERE N'A PAS CONNAISSANCE DE RDV POUR LA VACCINATION DE ROUTINE"
"76","SEPARATION DE PARENTS"
"77","VACCINE"
"78","L’ENFANT EST COMPLETEMENT VACCINE SELON SON AGE"
"79","SA MERE ETAIT EN CHAMP POUR DE TRAVAUX CHAMPÊTRE"
"80","ENFANT COMPLETEMENT VACCINER MAIS LA FICHE EST RESTER A ANGUMU"
"81","JE NE SAIS PAS CAR CAR L ENFANT A RECU TOUS SES VACCINS"
"82","COMPLETEMENT VACCINE PAR APPORT A SON AGE"
"83","A  RECU TOUS LES VACCINS"
"84","ENFANT VACCINER MAIS LA  FICHE PERDUE"
"85","PAS D INFO POUR LA 2ÈME DOSE DE VAR ET VAA"
"86","DEPLACEMENT AU CHAMPS"
"87","PERE OPERE"
"88","J AVAIS OUBLIE LA DATE DE VACCINATION"
"89","A recu tous les vaccins"
"90","ENFANT COMPLÈTEMENT VACCINE SELON LA MÈRE"
"91","PAS CONCERNE"
"92","A DEJA RECU TOUS LES ANTIGENES A SON AGE"
"93","NE SAVAIT PAS QUE L'ENFANT DEVAIT SE FAIRE VACCINE"
"94","L'ENFANT EST COMPLÈTEMENT VACCINE"
"95","LES INJECTIONS RENDENT L'ENFANT TRES MALADE"
"96","COMMUNIQUE NON SUIVI SUR LA DATE DE VACCINATION"
"97","N'A PAS RECU LE PROGRAMME POUR LA PROCHAINE DOSE DE VACCIN"
"98","ATTEND LE RDV"
"99","LA PARESSE DE LA MERE DE LENFANT"
"100","LONGUE MALADIE DU PERE DE L'ENFANT"
"101","CONFLIT INTERCOMMUNAUTAIRE"
"102","ATTENTE DE VACCIN ROUTINE DE DERNIERE PHASE"
"103","MANQUE D INFORMATION POUR LA 2 DÔSE DE ROUGEOLE"
"104","MORT DE SA MERE"
"105","TOUT  LES  VACCINS  A  ETE  DONNE"
"106","COMPLÈTEMENT VACCINE"
"107","A RECU TOUS LES VACCINS PAR RAPPORT À SON AGE"
"108","DEPLANCEMENT RURAL SUITE AUX CONFLITS ARMES"
"109","NE SAIT PAS CALENDRIERS VACCINAL"
"110","L'ENFANT A RECU SES VACCINS"
"111","NON"
"112","OUBLI DE RDV"
"113","PAIEMENT DE  LA FICHE"
"114","LA PARESSE DE LA MERE ELLE MEME"
"115","IL A TOUT BENEFICIE"
"116","FUITE DES AGRESSEURS MOBONDO"
"117","RUPTURE DU VACCIN VAA"
"118","ACCOUCHER"
"119","IL A RECU TOUS LES VACCINS"
"120","NEGLIGENCE MERE"
"121","QUE LE VACCINATEUR VIENNE A LA MAISON"
"122","LA MERE GARDIENNE NE CONNAIT PAS LE PROGRAMME DE VACCINATION"
"123","ENFANT VACCINER DECLARER PAR LA MERE MAIS LA FICHE DETRUITE"
"124","PAS INFORMEE DE VACCIN DE 15 MOIS"
"125","DÉPLACEMENT MASSIF DE LA POPULATION"
"126","A PRIS LES VACCINS SELON SON AGE"
"127","A UNE DATE DE RENDEZ-VOUS"
"128","DEPLACEMENT DE LAMERE"
"129","ILS SONT ALLES RESTES AU CAMPEMENT"
"130","LA MERE ETAIT EN DEPLACEMENT AVEC SON ENFANT 
AUSSI LA PARESSE DE LA MERE DE LENFANT"
"131","LA MERE EST TOUT LE TEMPS EN DEPLACEMENT"
"132","MÉNAGE TROP MOBILE"
"133","PAS D INFORMATIONS POUR LA 2ÈME DOSE DE VAR ET VAA"
"134","N'A PAS ENCORE ATTEINT 15 MOIS"
"135","LA RELIGION"
"136","MAMAN A REFUSE DE REVENIR AU CS PARCE QUE CELUI CI A GARDE LA FICHE CPC DE SON ENFANT"
"137","L'ENFANT VACCINE"
"138","ABSENCE DES PARENTS LORS DE VACCINATION"
"139","RIEN A SIGNALER"
"140","LE PERE DE L'ENFANT NE DONNE PAS L'ARGENT"
"141","NE ET VACCINE EN OUGANDA"
"142","ENFANT COMPLÈTEMENT VACCINÉ"
"143","ATTEND LE RENDEZ-VOUS DE 15 MOIS"
"144","FUITE DES MOBONDOS"
"145","NON  APPLICABLE"
"146","ENFANT NON VACCINE"
"147","A RECU  TOUS LES VACCINS"
"148","PAS RAPPELLE POUR LES AUTRES VACCINS"
"149","La famille en déplacement"
"150","ENFANT COMPLETEMENT VACCINE SELON SON AGE"
"151","L'ENFANT A RECU TOUTES LES DOSES"
"152","PAS D'INFORMATION SUR LES AUTRES DOSES"
"153","MANQUE D INFORMATIONS POUR 15MOI"
"154","LA MERE N'EST PAS AU COURANT DU VACCIN DE 15 MOIS"
"155","TRAVAIL DES CHAMPS"
"156","MAMAN ETE AUX CHAMPS AVEC L ENFANTS"
"157","CONFLIT ET QUERRE"
"158","ON N A PAS UNE HABITATION FIXE"
"159","NOMBRE D'ENFANT INSUFFISANT POUR OUVRIR UN FLACON VAR"
"160","C ETAIT DEJA LA FIN POUR LA VACCINATION DE ROUTINE"
"161","DEPLACEMENTS DE LA MERE"
"162","LA FAMILLE A FUIT LA GUERRE"
"163","LA PEUR COMME LA CARTE ETAIT DETRUITE"
"164","FAIBLESSE DE LA MAMAN"
"165","TOTALEMENT VACCINER"
"166","ENFANT COMPLETEMENT VACCINER"
"167","DEMENAGEMENTDELAFAMILLE"
"168","SAUF 15 MOI"
"169","L'ENFANT EST COMPLÈTEMENT VACCINÉ"
"170","L'ENFANT NEE EN ROUTE DE VOYAGE IL A PRIT DE VACCIN AVEC RETARD"
"171","PERTE DE LA FICHE DE VACCINATION"
"172","AUCUNE RAISON AVANCEE"
"173","PROBLEMES AUX VACCINATEURS"
"174","SUITE À LA PERTE DE LA FICHE DE VALIDATION PAR PERSONNEL DE VACCINATION EN DONNANT SA FICHE À UNE AUTRE PERSONNE"
"175","C'ÉTAIT UNE PEEIODE DES ACTIVITES CHAMPETRESC'ÉTAIT UNE PEEIODE DES ACTIVITES CHAMPETRES"
"176","Le CV en cours"
"177","PAS PROBLEME DE VACCINNATION"
"178","MANQUE D INFO"
"179","L ARGENT DE TRANSPORT FAIT DEFAUT"
"180","ENFANTS EST COMPLETEMENT VACCINE"
"181","JE PENSAIS QU IL A DEJA DEPASSE L AGE DE PRENDRE LES VACCINS"
"182","MERE DE L ENFANT  NON DIPONIBLE"
"183","DEMENAGEMENT APRES ATROCITES"
"184","TOUT LE VACCIN RECU"
"185","ENFANT VACCINE"
"186","MANQUE DE NOUVEAUX VETEMENTS"
"187","ACTIVITES DES CHAMPS"
"188","ENFANT A RECU LE VACCIN SELON SON AGE"
"189","DEMENAGEMENT DE LA MERE ET SES ENFANTS CHEZ SA MERE"
"190","NOMBRE INSUFFISANT D'ENFANT POUR OUVRIR LE VAR"
"191","ENFANT EST COMPLETEMENT VACCINE"
"192","MAMAN ATTEND LES DERNIERS VACCINS"
"193","IL A TOUT EU"
"194","DERNIER RDV"
"195","NON DISPONIBLE"
"196","MAMAN ET L ENFANT ETAITEN DEPLACEMENT  PLUS DE CINQ MOIS POUR UN DEUIL"
"197","DEMENAGEMENT DE FAMILLE"
"198","PROGRAMMES  DES VACCINATEURS"
"199","Fuite de la population a cause de la geure"
"200","ENFANT VACCINER DECLARER PAR LA MERE"
"201","JESUS-CHRIST A DEJA DONNE LE RESTE DES VACCINS SPIRITUELLEMENT"
"202","ENFANTS VACCINE"
"203","DEPLANCEMENT RURAL  SUITE AUX CONFLITS ARMEES"
"204","DECES DE CONJOINTAYANT ENTRAINE LE DEPLACEMENT"
"205","LE DEMENAGEMENT DE LA FAMILLE"
"206","INSECURITE DANS LA  ZONE  ET FUITE DE GUERRE"
"207","PARTI AUX CHAMPS"
"208","LA STRUCTURE N'A PAS DES VACCINS"
"209","LES PARENTS ETAIENT AU CHAMPS"
"210","ELLE EST  COMPLETEMENT  VACCINE"
"211","ENFANT COMPLÉTEMENT VACCINE POUR SON AGE"
"212","VACCINE PAR APPORT A SON AGE"
"213","IL NYA PAS DES VACCINS  INJECTABLES"
"214","VACCIN  DE ROUTINE  N'ARRIVE  PAS  CHEZ EUX"
"215","IL Y A EU  MANQUE  D""UN INDIGENE  LE  JOUR  DE LA SCIENCE  DE LA  VACCINATION"
"216","NON MAÎTRISE DE CALENDRIER VACCINALE DE ROUTINE"
"217","NON MAITRISE DU RDV DONNER"
"218","DÉPLACER DE GUERRE"
"219","OUBLIE DU RDV"
"220","VACCINE SELON SON AGE"
"221","DEPLACEMENT DE LA MAMAN EST LES ENFANTS"
"222","PAS DE VPO A LA  NAISSANCE"
"223","PAS DE PROBLÈME"
"224","MANQUE D INFORMATIONS POUR 2EME DOSE DE VAR ET VAA"
"225","SE DEMENAGER"
"226","DEPLANCEMENT"
"227","MERE PAS AU COURANT DU VACCIN DE 15 MOIS"
"228","L ENFANT A RECU TOUS LES VACCINS  ET IL NE LUI RESTE QUE CELUI DU 15 EME MOIS"
"229","PAS D INFO POUR 15MOI"
"230","MERE TOUJOURS EN DEPLACEMENT"
"231","FICHE DE VACCINATION PERDUE"
"232","MERE EN VOYAGE  POUR  LE TRAVAUX CHAMPÊTRE"
"233","Enfant en déplacement non envoyé"
"234","PAS 2EME DOSE DE VAAET VAR"
"235","COMPLÈTEMENT  VACCINÉ"
"236","NEGLIGEANCE DE LA MERE DE L ENFANT"
"237","AGE NON ACQUIS"
"238","NEGLIGENCE DE LA  MERE"
"239","REPLACEMENT DE LA MERE GARDIENNE"
"240","MAUVAIS FONCTIONNEMENT DU CENTRE DE SANTÉ À CAUSE DE LA
 MONTEE DES EAUX ,VACCIN NON DISPONIBLE"
"241","MERE EMPECHEE LE JOUR DE RENDEZ VOUS"
"242","LA MAMAN AVAIT VOYAGE"
"243","DEPLACEMENT A CAUSE DE LA GEURRE"
"244","L,ENFANT A TERMINE SES VACCINS"
"245","TROUBLES DE MILICIENS"
"246","SOUS INFORMER VACCIN DE QUINZE MOIS"
"247","ATTENTE DE LA DATE PREVUE DE RENDEZVOUS"
"248","VOYAGE DE LA MAMAN AVEC SON ENFANT EN ANGOLA"
"249","L ENFANT A EU TOUS LES VACCINATIONS DE SON AGE"
"250","A TOUT RECU PAR RAPPORT A SON AGE"
"251","FUITE DES ASSAILLANTS MOBONDOS"
"252","ABSCENTE"
"253","R A S"
"254","ENFANT COMPLÈTEMENT VACCINÉ SELON LA MÈRE"
"255","ENFANT VACCINER"
"256","MOUVEMENT DE LA POPULATION"
"257","ENFANT PARTIELLEMENT VACCINE SELON LA DECLARATION DE SA MERE"
"258","L ENFANT A 14 MOIS"
"259","ENFANT A TOUT RECUE"
"260","ENFANT COMPLÈTEMENT VACCINE"
"261","CARTE DETRUIT"
"262","LA MERE N'ETAIT PAS AU COURANT DE LA VACCINATION DE 15 MOIS"
"263","FUITE DES AGRESSEURS MOMBONDO"
"264","Le déplacement"
"265","ELLE A REUSSI TOUT CES VACCINS SELON LA MERE"
"266","NA SAIS PAS SE FAIT LE VACCIN DE ROUTINE"
"267","CONFLITS ETHNIQUES"
"268","L'ENFANT N'AS PAS ENCORE TOTALISE 15MOIS"
"269","CONFLIT ETNICO-TRIBALE"
"270","LE MERE DE LENFANT ETAIT EN DEPLACEMENT"
"271","DEMENAGEMENT DANS UNE AUTRE PROVINCE"
"272","ENFANT COMPLETEMENT VACCINE APRES DECLARATION DE SA MERE"
"273","LA MERE NE SAIT PAS QU'IL Y A LE VACCIN DE 15 MOIS"
"274","INSECURITE DANS LE MILIEU D'ORIGINE"
"275","DEUXIEME DOSE VPI ET VAR NE PAS APPLICABLE"
"276","MERE GARDIENNE MALADE PENDANT LONGTEMPS"
"277","ELLE A RECUE TOUT LE VACCIN"
"278","RECU"
"279","NON CONCERNE"
"280","SA MERE ETAIT EN VOYAGE"
"281","NE SAIS PAS POURQUOI LES VACCINATEURS DONNENT QUE  LES VACCINS ORALS"
"282","SELON LA MAMAN L’ENFANT À REUSSI TOUT CES"
"283","VACCINS NON ENREGISTRE SUR LA CARTE"
"284","IL EST COMPLETEMENT VACCINE SELON SON AGE"
"285","ENFANT CAMPEMENT VACCINER"
"286","TOTALEMENT VACCINE POUR SON AGE"
"287","RECUS"
"288","RECUPERATION"
"289","LE PERE GARDIEN A DU MAL DE REPONDRE"
"290","L ENFANT COMPLETEMENT VACCINER"
"291","A TOUT RECY"
"292","MERE TROP OCCUPEE PAR LA MALADIE DE SON MARI"
"293","IGNORE LA NECESSITE DE LA DERNIERE DOSE DE 15 MOIS"
"294","TRAVAUX CHAMPETES"
"295","LES VACCINATEURS NE VIENNENT AVEC LE VACCIN ORAL PENDANT LA CAMPAGNE"
"296","L'ENFANT R3CU LES VACINS DE SON AGE"
"297","MOBILITE DE LA MERE"
"298","ENFANT ETAIT  EN ANGOLA  AVEC SA MERE PENDANT 8MOIS"
"299","A RECU TOUT LE VACCIN SELON LA MERE"
"300","L’ENFANT À DEJAS REUSSI LES VACCINS"
"301","ELLE N A PS ENCORE 13 MOIS"
"302","MON ENFANT A RECUE TOUT LES VACCIN"
"303","ATTENT LES 15 MOIS"
"304","ENFANT EST VACCINE SELON SON AGE"
"305","IGNORANCE DU NOUVEAU VACCIN"
"306","ELLE A REUSSI TOUT CES VACCINS SELON LA MERE GARDIENNE"
"307","MERE ETAIT DANS LE CAMPEMENT"
"308","L'ENFANT A RECU LE VACCIN"
"309","L'insécurité"
"310","QUE LA FOSA LANCE LE MESSAGE POUR ALLER"
"311","ABSENCE DE LA CARTE DE VACCINATION LE JOUR DE LA VACCINATION"
"312","MA VOLONTE"
"313","ELLE A REUSSI TOUT CES VACCINS"
"314","VACCINNE"
"315","COMPLÈTEMENT  VACCINE"
"316","LES ON ATTEND 15 MOIS"
"317","DEPLACEMENT DE TOUT LE MENAGE"
"318","LA MERE N'EST PAS INFORMEE DE LA VACCINATION DE 15 MOIS"
"319","MOUVEMENT DES.PARENTS"
"320","DÉJÀ EU TOUT LES VACCIN"
"321","A RECU TOUS LE VACCIN"
"322","FUITE DE LA GUERE"
"323","LES PARENTS SE DEPLACENT BEAUCOUP"
"324","CARTE DE VACCINATION RESTER A BAKUA NSUMBA CELA  DECOURAGER LA MAMAN D AMENER L ENFANT DANS UN AITRE ESS"
"325","MANQUE DE BABOUCHE POUR ALLER A LA CPS"
"326","R"
"327","COMPLETEMENT VACCINE PAR DECLARATION PRECISE DE LA MERE"
"328","L ENFANT A RECU TOUT LE VACCIN"
"329","A RECU TOUS LES VACCINS SELON LA DÉCLARATION DE SA MERE"
"330","DEMENAGEMENT AU CHAMP"
"331","QUAND ELLE A PERDU SON BEBE ELLE SE DECOURAGER POUR CONTINUER LE VACCIN"
"332","L ENFANT A RECU TOUT LE VACCIN SELON SON AGE"
"333","TRÈS  NÉGLIGÉES"
"334","COMPLETEMENT VACCINER"
"335","INSECURITE DE MAIMAI"
"336","VACCINNE CARTE AU CS"
"337","L'ENFANT ETAIT VACCINER COMPLETEMENT"
"338","MAMAN ETAIT AU CHAMPS"
"339","VACCIN MANQUANT"
"340","L'ENFANT A REÇU TOUS LES VACCINS"
"341","DÉPLACEMENT INTENSE SUITE A LA GUERRE"
"342","MERE ET L ENFANT  KN VOYAGE"
"343","CENTRE FERME"
"344","L'ENFANT EST COMPLÈTEMENT VACCINÉ SELON SA MÈRE"
"345","AGE MOINS DE NEUF MOIS"
"346","PAS AU COURANTE DE LA DOSE"
"347","JE SUIS ALLER TRAVAILLER DANS L'AUTRE SECTEUR"
"348","SA MERE ETAIT EN CHAMP"
"349","QUI CHERCHE"
"350","FAUTE AUX VACCINATEURS"
"351","ATTENTE DE VACCIN DE SA DATE PREVUE"
"352","IGNORANCE DU VACCIN DE 15 MOIS"
"353","PAS DE  PROBLEME"
"354","MANQUE D'ARGENT POUR ACHETER LA CARTE"
"355","LE VOYAGE DE PARENTS VERS SALAMBONGO"
"356","ENTÊTEMENT A CAUSE DE PLUMPY NUT"
"357","PAREUSSE DE MA MERE"
"358","ENFANT ET TOTALEMENT VACCINE"
"359","LA  MERE N'EST PAS AU COURANT DU VACCIN DE 15 MOIS"
"360","LA MAMAN EST EN CONFLIT AVEC LE PERE DE L ENFANT. ELLE SE SENT VULNERABLE  SANS MOYEN  MEME POUR AVOIR 1000FC D ACHAT DE CARNET DE VACCINATION."
"361","SON PAPA A REFUSE"
"362","SA MERE EST MORTE"
"363","PAS DE VACCIN INJECTABLE"
"364","AU CHAMPS MALENDE"
"365","MANQUE D'ARGENT POUR LA FICHE"
"366","DEPLACEMENT SUITE AU CONFLIT ETNICO-TRIBALE"
"367","L'ENFANT A RECU TOUT LES VACCINS"
"368","INONDATIONS DANS LE VILLAGE"
"369","PARAISSES"
"370","A REÇU"
"371","ACTIVITE CHAMPETRE"
"372","ENFANT COMPLETEMENT VACCINEE"
"373","MENAGE EN DEPLACEMENT INTERNE"
"374","MON ENFANT A EU TOUS LES VACCINS"
"375","DE PLACEMENT DES PARENTS, QUI CHERCHE"
"376","VACANCE"
"377","CARTE DE VACCINATION PERDUE"
"378","IGNORE CERTAINS VACCINS"
"379","PAS DE SITE DANS MANGAKI II"
"380","REÇU  PAR DÉCLARATION"
"381","OUBLIÉ DE RENZ- VOUS"
"382","ON AMENE PAS LES VACCINS INJECTANLES"
"383","A RECU TOUS SES VACCINS ATTEND LE VAR 3"
"384","NE CONNAIT PAS LES JOURS DE VACCINATION"
"385","ELLE N AVAIT PAS L INFORMATION"
"386","MERE ET ENFANT EB DEPLACEMENT"
"387","LES VACCINATEURS NE SONT PAS PASSES"
"388","L'ENFANT A RECU LES VACCINS SELON SON AGE"
"389","TROP DE DEPLACEMENT"
"390","PEUR DE PIQURE"
"391","L'ENFANT A RECU TOUT LE VACCIN SELON SON AGE"
"392","PAS DE CONNAISSANS SYR LES VACCINS DE ROUTINE"
"393","ETAIT EN VOYAGE"
"394","FAMILLE EN DEPLACEMENT INTERNE"
"395","LA MERE  ETAIT DANS LES ILO"
"396","L'ENFANT A RECU TOUS LES VACCINS SELON SON AGE"
"397","ENFANT EST NE KINSHASA"
"398","LA MAMAN FATIGUE D AMENE L ENFANT  A L HOPITAL ( BOLEMBU)"
"399","ENFANTARECULESVACCINSSELONSONAGE"
"400","COMPLEMENT VACCINE"
"401","L'enfant  complètement vacciné"
"402","LA MERE N A PAS DE NOYION SUR D AUTRE ANTIGIENNES"
"403","COMPLEMENT VACCINE SELON SON AGE"
"404","14 mois"
"405","PAS DE RAISON EVOQUEE PAR LA MERE GARDIENNE"
"406","LE VACCINATEUR FERME LE TRAVAIL AVANT LE TEMPS PENDANT QUE NOUS SOMMES ENCORE AU CHAMP"
"407","LA MÈRE DÉCLARE QUE L'ENFANT A REÇU TOUS LES VACCINS SELON SON ÂGE"
"408","L’ENFANT EST COMPLETEMENT  VACCINE SEULEMENT LAMERE GARDIENNE A PERDU LA CARTE DE VACCINATION"
"409","PAREUSSE ET ET NEGLIGENCE  DE LA MERE"
"410","L'ENFANT A REÇU TOUS LES VACCINS SELON SON ÂGE"
"411","PEUR DE CACCIN DE COVID 19"
"412","PRISE EN CHARGE  PAYABLE  POUR LES EFFETS SECONDAIRES"
"413","PSYCHOSE DE COVID 19"
"414","DEJA RECU"
"415","NEGLIGENCE FAMILLIALE"
"416","A RECU TOUS LES VACCINS DE SON AGE"
"417","DEJA TERMINE"
"418","L'enfant a reçu tout les vaccins"
"419","A LA FORET MALENDE"
"420","PAREUSSE  DE LA MERE ET ET NEGLIGENCE"
"421","ENFANT  EST COMPLETEMENT  VACCINÉ  SELON  LA  DECLARATION  DE  LA MAMAN"
"422","PAS DE CARTE DE VACCINATION"
"423","L enfant a reçu tous les vaccins"
"424","Ok"
"425","ACTUVITE CHAMPETRE"
"426","TRAVAIL DE CHAMPS"
"427","AVITIVITE CHAMPETRE"
"428","LE DÉPLACEMENT DE LA FAMILLE DE MBUJIMAYI VERS MALUNGU A FAIT QUEL ENFANT INTERROMPE SES VACCINS ET SURTOUT QUE LA FICHE DE VACCINATION EST DETRUITE"
"429","Enfant en cours  du calendrier vaccinal"
"430","LA NON DISPONIBILITE DES PARENTS"
"431","IDEM Q89"
"432","VOYAGE DE LA MERE AVEC L' ENFANT"
"433","NOS DEPLACEMENT"
"434","A CAUSE DE DEMENAGEMENT"
"435","MERE EN CONGE DE MATERNITE"
"436","SITE DE VACCINATION NON ACCESSIBLE SUITE AU CONFLIT ETHNIQUE"
"437","L’ENFANT À REÇU TOUS SES VACCIN"
"438","COMPLETEMENT VACCINER PAR RAPPORT A SON AGE"
"439","Aucune information"
"440","JAMAIS AMENE AU CENTRE POUR LA VACCINATION"
"441","SUITE AI DÉPLACEMENT"
"442","L ENFANT EST COMPLETEMENT VACCINE"
"443","NEGLIENCE"
"444","PERTE DE CARNET DE VACCINATION"
"445","Bien vacciné"
"446","Complètement vacciné"
"447","COMPLETEMENT  VACCINER"
"448","VACCINE COMPLEMENT"
"449","ENFANT COMPLETEMENT VACCINE PAR DECLARATION"
"450","ON AMENE PAS LES VACCINS INJECTABLES"
"451","MANQUE DE 500FC POUR LA FICHE"
"452","L ENFANT A RECU TOUS LES VACCIN SELON SON SA MERE"
"453","IL N'A PAS ENCORE ATTEINT L'ÂGE"
"454","CARTEPERDUE"
"455","A ETE VACCINER"
"456","PARESSE ET LA NEGLIENCE"
"457","LA MAMAN AVAIT VOYAGE AVEC L ENFANT"
"458","AUCNE RESON L,ENFANT  EST  COMPLETEMENT  VACCINE"
"459","IL N'A PAS ENCORE ATTEINT L'AGE"
"460","ILS SONT DISTRAITS"
"461","PAREUSSE DE LA MERE"
"462","L ENFANT A ETE COMPLEMENT VACCINE"
"463","ELLE TOUT RECU"
"464","LA VACCINATION DE ROUTINE NE SE FAIT PAS"
"465","L ENFANT N A JAMAIS ETE VACCINE DANS UN ESS A PART CE DE GRANDE CAMPAGNE PORTE A PORTE"
"466","MANQUE DE L ARGENT POUR PAYER LA CARTE OU PESE"
"467","IL A TOUS PRIS"
"468","NEGLIENCE PARESSE"
"469","A reçu tous les vaccins"
"470","IL RESTE QUE LA DOSE DU 15 MOIS"
"471","COMPLEMENTVACCINE SELON LA DECLARATIONDE LA MERE"
"472","PENSE AVOIR RECU TOUS LES VACCINS"
"473","ARECUTOUTLESVACCINSMAISCARNETPERDU"
"474","PERIODE DE DEUIL DE SON PAPA"
"475","DEMENAGEMEMENT DU CENTRE"
"476","L'ENFANT A RECU TOUS LES VACCINS DE SON AGE"
"477","COMPLETEMENT VACCINE SELON SA MAMAN"
"478","RECU TOUT LES VACCINS"
"479","Déplacement du ménage"
"480","ENFANT COMPLETEMENT VACCINE SELON LA MERE"
"481","A RECU TOUTES LES VACCINER SELON SON AGE"
"482","IL A RECU LES VACCINS POUR SON"
"483","AUCUNE RAISON ELLE VACCINE L'ENFANT A LA MAISON PAR KES RELAIS COMMUNAUTAIRE"
"484","COPLETEMENT VACCINE"
"485","ELLE A QUITTE LE TOIT CONJUGAL POUR  LE MOMENT ELLE EST CHEZ EUX"
"486","ANTIGENES RECUS A SON AGE"
"487","LE CS MUTETELA AVAIT REFUSER"
"488","L ENFANT A RECU TOUS LES VACCINS"
"489","L ENFANT EST COMPLÈTEMENT VACCINÉ"
"490","DEUXIEME DOSE VPI NON INTRODUIT AU CS"
"491","MERE PAS INFORMER SUR LA DOSE DE VACCIN  DE 15 MOIS"
"492","A recu"
"493","ONT N'ATTEND"
"494","CA FAIT MAL A L ENFANT"
"495","IL NA PAS 15 MOIS"
"496","Insécurité  dans notre village"
"497","FUITE DE LA  GEURRE"
"498","L ENFANT A RECU TOUS LES VACCIN SELON SA MAMAN"
"499","KN AMENE PAS LES VACCINS INJECTABLES"
"500","JE NESAIS PAS POURQUOI SA MERE N AVAIT PAS TERMINER TOUS LES VACCINS"
"501","IL A DEJA REÇU LES VACCINS"
"502","SÉANCE DE VACCINATION NON ENCORE PROGRAMMÉE DEPUIS LE MOIS D'OCTOBRE 2023"
"503","A REUCI TOUT LES VACCINS"
"504","DÉPLACEMENT DE GUERRE TRIBUNAL"
"505","PAS DE SOUVENIRS"
"506","DEPLACEMENT DEPLACEMENT"
"507","FAMILLE DEPLACEE SUITE AU CONFLIT YAKA-TEKE"
"508","ENFANT COMPLETEMENT VACCINE POUR SON AGE"
"509","Complements vacciné"
"510","L'ENFANT A RECU TOUS LES VACCINS DE SON"
"511","FUITE DE LA GEURRE"
"512","LA  MORT D""UNE AUTRE MERE A HANDICAPE LE SUIVI DE LA VACCINATION"
"513","MANQUE DE MOYEN POUR PAYE LES VACCINS"
"514","LA FAMILLE AVAIT DEMENAGE AU CHAMP"
"515","TOTALEMENT VACCINÉS"
"516","VACIN RECU"
"517","VACCINNE PAS CARTE"
"518","VOYAGE DE MERE"
"519","Son père refuse le vaccin"
"520","COMPLETEMENT VACCINE SELON SON AGE"
"521","SA MAMAN EST DECEDEE"
"522","Cite de VACCINATION loin"
"523","REFUSE LEA INJECTIONS"
"524","ABSENTE DE LA MAISON POUR LES CHAMPS"
"525","LA MAMAN AVAIT EFFECTUE UN VOYAGE AVEC L ENFANT AU MOMENT OU ON VACCINAIT"
"526","CONVENANCE RELIGIEUSE"
"527","AGE"
"528","LE MENAGE AVAIT FUIT L'INONDATION"
"529","PEUR DE VACCIN DE COVID 19"
"530","DEPLACEMENT SUITE AU CONFLIT YAKA-TEKE"
"531","NS SAIS PAS POURQUOI CERTAINS VACCINS NON DONNES  AU CS POUR SON ENFANT"
"532","FATIGUE SEULEMENT"
"533","PAS DINFORMATIIN AUPRES DE LA GARDIENNE"
"534","DEJA EU SES VACCINS"
"535","L'ENFANT EST COMPLETEMENT VACCINER"
"536","TROP OCCUPÉ"
"537","L,ENFANT EST COMPLETEMENT VACCINE"
"538","MANQUE DE MOYEN POUR PAYER LES VACCINS"
"539","ON JAMAIS AMENER LES VACCINS INJECTABLES"
"540","On ne reçoit pas les vaccins par injection"
"541","MERE ABSENTE PENDANT CETTE PERIODE"
"542","LAMORT DE SON PERE"
"543","MERE DECEDEE APRES ACCOUCHEMENT PAS QUELQU UN POUR POURSUIVRE"
"544","SELON LA MAMAN L'ENFANTS EST COMPLETEMENT VACCINER"
"545","FAMILLE EN DEPLACEMENT DANS L’AUTRE RIVE"
"546","ENFANT EST VACCINE SELON LE PROGRAMME NATIONAL"
"547","A TOUS PRIS"
"548","PAR CE QUE LA MERE A PERDU LA CARTE"
"549","SEPARATION ENTRE PERE ET MERE DE L ENFANT"
"550","Il a eu ses vaccin selon la mere"
"551","AVAIT DEJA RECU TOUT SES VACCINS"
"552","L'ENFANT A RECU TOUTES LES DOSES PAR RAPPORT A SON AGE"
"553","TOUTES LES FOIS QUE JE PARTAIS IL N' ATTENGAIT PAS LE  CIBLE POUR CES VACCINS"
"554","L’ENFANT A RECU TOUT LE VACCINS SELON LA DECLARATION DE SA MAMAN"
"555","LA TUERIE DE LEUR  CONFLIT"
"556","COMPLETEMENT VACCINEE SELON SA MAMAN"
"557","MALASIE MERE"
"558","IL A REÇU TOUT LES VACCINS SELON SA MERE"
"559","DEMENAGEMENT DE LA PROVINCE DU TANGANYIKA AU SUD KIVU"
"560","SÉANCE DE VACCINATION NON ENCORE PROGRAMMÉE"
"561","ENFANT EST COMPLÉMENT VACCINÉ VACCINÉ"
"562","LES VACCINS SONT DONNES EN STRATEGIE AVANCE UNE FOIS MANQUE ON SAIT PAS QUOI FAIRE"
"563","DÉPLACEMENT  DANS LE CHAMP"
"564","TOUS LES ANTIGÈNES RECUS"
"565","LES DEPLACEMENTS DE LA MAMAN"
"566","VACCINER COMPLÈTEMENT"
"567","LA MORT D'UNE AUTRE  MERE (MERE  DE MEBEKE)"
"568","OUBLIE SEULEMENT"
"569","A RECU LES VACCINS POUR SON AGE"
"570","SAUF LA 2ÈME DOSE DE VAR ET VAA"
"571","PROBLEME DE SANTE"
"572","IL A REÇU TOUS LES VACCINS"
"573","ARRET APRES DEMENAGEMENT UVIRA A BARAKA"
"574","IL A RECU LES VACCINS POUR SON AGE"
"575","Sa mère la laissé ici et elle ne se voit plus"
"576","RECULEVACCINSSELONSONAGE"
"577","DEPLACEMENT SUITE A L’INONDATION"
"578","L'ENFANT A RECU LE VACCINS PREVU"
"579","IGNORE DE VENIR POUR LES VACCINS DE 15 MOIS"
"580","DECEPTION AMOUREUSE"
"581","L ENFANT A REÇU TOUS LES VACCINS DE SON AGE"
"582","IL A DEJA RECU LES ANTIGENES A SON AGE"
"583","BCG et VPO 0 pas recu ."
"584","Déplacement très fréquents"
"585","MAMAN DE L ENFANT ETAIT DECEDEE"
"586","L ENFANT NE EN EUROPE"
"587","MERE OCCUPER"
"588","MERE DECEDEE APRES ACCOUCHEMENT PAS QUELQU UN D AUTRE POUR POURSUIVRE AVEC LA VACCINATION"
"589","INCENDIE DANS LE MENAGE"
"590","Nsp"
"591","VOYAGE POUR RAISON DE DEUIL"
"592","ELLE ATTEND QUE 15 MOIS"
"593","A EU SES ANTIGENES PAR RAPPORT A SON AGE"
"594","A SON ANTIGENE A SON AGE"
"595","VACCIN NON DISPONIBLE AU PS KAMABWE ET DISPONIBLE CS MUDINDWA QUI EST ÉLOIGNÉ ET PAS D'ACCÈS FACILE"
"596","INGORANCE DU CALENDRIER VACCINAL"
"597","NEGLIGENCE DE LA PART DE LA MERE"
"598","IL A TOUT REÇU MEME LA MOUSTIQUAIRE"
"599","L'ENFANT EST COMPLETEMENT VACCINE SELON SON AGE"
"600","LA MAMAN AFFIRME QUE L'ENFANT A RECU TOUS LES VACCINS"
"601","L'enfant a reçu tout le vaccin"
"602","000"
"603","VACCINE  MAIS NON MARQUE"
"604","DEPLACEMENT SUITE A L'INSECURITE"
"605","NA PAS REÇU CE QUI NE PAS SUR LA CARTE"
"606","CARTE MAL REMPLIE"
"607","RUPTURE BCG ET INDISPONIBILITE DE LA MERE"
"608","RIEN A SIGNALE"
"609","LE CENTRE AVAIT FERMER"
"610","ENFANT A FIN TOUS SES VACCINS LA FAUTE DE TRANSCRIPTION DES VACCINATEURS"
"611","DÉPLACEMENT AU CAMPEMENT"
"612","DEPLACEMENT DU MENAGE APRES NAISSANCE DE L ENFANT"
"613","PEUR SOIT DISANT  QUE L ENFANT VA TOMBER MALADE"
"614","EN DEPLACEMENT A KINSHASA"
"615","MEMEMENT"
"616","DEPLACEMENT SE TOUT LE MENAGE"
"617","PAS INFORMER CONCERNANT LA VACCINATION A QUINZE MOIS"
"618","NE SE SOUVIENT PAS"
"619","FICHE INCOMPLETEMENT REMPLIE"
"620","ENFANT COMPLETEMENT VACCINE SELON MAMAN MAIS LA CARTE NE L-'INDIQUE PAS"
"621","VACCINE MAIS NON INSCRIT"
"622","MAUVAIS REMPLISSAGE DE LA FICHE"
"623","ELLE AVAIT REÇU TOUT LES VACCINS"
"624","ÉTANT ENSEIGNEMENTE J'ARRIVE EN RETARD"
"625","A EU TOUS SES VACCINS SELON SON AGE FAUTE DE TRANSCRIPTION DES VACCINATEURS"
"626","VACCINS RECU MAIS NON ENREGISTRE"
"627","NA PAS EU LE PROGRAMME POUR LE VACCIN DE 15MOIS"
"628","VACCINER MAIS NON MENTIONNÉS SUR LA FICHE"
"629","PAS DE CONFIANCE POUR CS ORONZI"
"630","A RECU LES VACCINS SELON SON AGE"
"631","NE SAVAIT PAS L INTEGRATION DES DERNIERS ANTIGENES"
"632","MAUVAISE TRANSCRIPTION"
"633","FiCHE MAL COMPLETE MAIS VACCINESELON LA DECLARATION DE LA MERR"
"634","INSECURITE SOCIALE"
"635","IL EST VACCINE"
"636","INSECURITE DU VILLAGE"
"637","REVIENNENT DE KINSHASA"
"638","LES DATES NE SONT PAS REPRISE DANS LA CARTE"
"639","LE PRIX TROP ELEVE POIR LA VACCINATION"
"640","N’A PAS RATÉ LES VACCINS"
"641","RENDEZ VOUS (15MOIS)"
"642","INSECURITE AYANT CAUSE LE DEPLACEMENT MASSIF DE LA POPULATION TRES LOIN DES SITES DE VACCINATION"
"643","ELLE CROIT AVOIR TERMINE"
"644","VACCIN PRISE MAIS NON MENTIONNÉ  DANS LA CARTE"
"645","PROBLEME DE LA GUERRE"
"646","FUITE DE LA POPULATION LORS DE MA MONGEE DES EAUX"
"647","A OUBLIE LA DATE DU RDV ET NE S'EST JAMAIS PRESENTE"
"648","J'AVAIS RATE ET OUBLIE LES PREMIERS RENDEZ VOUS"
"649","A RECU TOUS SES VACCINS MAIS NON MENTIONNES SUR LA CARTE"
"650","DATE NON PRECISE"
"651","MOI MEME LE PROBLÈME"
"652","LA MÈRE VIENT DE KOLWEZI"
"653","ON ME FAIT PASSER BEAUCOUP DE TEMPS POUR LA VACCINATION"
"654","ACCOUCHEMENT A DOMICIL"
"655","SELON LA REPONDANTE LE VACCINATEUR AVAIT OUBLIE DE MENTIONNE SUR LA CARTE"
"656","ENFANT ATTEND LE RENDEZ-VOUS POUR LA DEUXIÈME DOSE"
"657","ENFANT COMPLETEMENT VACCINE SELON LA MERE 
IL Y AURAIT ERREUR DE REPLISSAGE DE LA CARTE DE VACCINATION DE L ENFANT ET ELLE OUBLIAIT PARFOIS LA CARTE A LA MAISON"
"658","FATIGUEE DAMENER LENFANT"
"659","LE MENAGE VIT DANS LES CHAMPS"
"660","ENFANT COMPLETEMENT VACCINE MAIS LES DEUX DOSES BCG ET VPOB 0 N'ONT PAS ETE SIGNALE SUR LA CARTE DE VACCINATION"
"661","RUPTURE BCG ET DÉPLACEMENT"
"662","PAS D'ECHEC"
"663","Ne pas concerné"
"664","L ENFANT A DEJA RECU TOUTES LES ANTI GENES SELON SON AGE ."
"665","LES VACCIN  PAS ARRIVE"
"666","LE DÉPLACEMENT DE TOUTE LA FAMILLE"
"667","LE BCG ETAIT ABSENT A LA NAISSANCE"
"668","MERE ETAIT AU CHAMP"
"669","ENFANT VACCINE MAIS NON ENREGISTRE"
"670","TOUS RECU"
"671","A RECU TOUS LES VACCINS SELON SON AGE"
"672","LA MERE A DECLARE QUE TOUT LE VACCIN A ETE DONNE MAIS LE PRESTATAIRE N'ONT PAS MENTIONE"
"673","NÉGLIGENCE DE LA MÈRE , CRAINTE DES EFFETS SECONDAIRES LIÉS À LA VACCINATION"
"674","ENFANT  PARTI  EN  ANGOLA"
"675","TRANSFERT  DE LA MAMAN A KIN POUR LES SOINS MÉDICAUX"
"676","LES DATES DE VAR NE SONT PAS INSCRIT DANS LA CARTE"
"677","LA MERE DECLARE QUE L'ENFANT A EU 4 DOSES DEJA"
"678","REPONDANTE NE CONNAIT  PAS LA RAISON"
"679","L'oubli"
"680","LE CHAMPS"
"681","A RECUS TOUS LES VACCINZ SELON LES DECLARATIONS DE LA MAMAN"
"682","NEGLIGEANCE MATERNELLE"
"683","LES PARENTS VIVENT AUX CHAMPS"
"684","DEMENAGEMENT DE LA FAMILLE DE DHENDO A LODYA"
"685","7 MOIS ACTUELLEMENT"
"686","LA FAMILLES ÉTAIT EN DÉPLACEMENT"
"687","RUPTURE BCG ET VOYAGE"
"688","CONFLIT ARMES"
"689","ROTA ABSENT DANS LE CALENDRIER"
"690","VACCINE MAIS PAS SIGNALE"
"691","LA MAMAN DIT QUE L'ENFANT A REÇU TOUS LES VACCINS"
"692","VACCINS REÇUS NON RAPPORTES SUR LA CARTE"
"693","ENFANT NON AMENER"
"694","COMPLETEMENT  VACCINE"
"695","LA DECLARE QUE LE VACCIN A ETE DONNE MAIS LE PRESTATAIRE N'A PAS MENTIONNE"
"696","NON MENTION DE LA PRISE DE LA DOSE DE VAA ET VAR SUR LA FICHE"
"697","DEPLACEMENT LORS DE DEUIL"
"698","LA MAMAN DECLARE QUE L'ENFANT A RECU TOUS LES VACCINS"
"699","IGNORE LE VACCIN DE 15 MOIS"
"700","LA MERE NON INFORMEE"
"701","VACCINNE PERTE DE CARTE"
"702","IGNORE LE CALENDRIER VACCINALE"
"703","OK"
"704","INNONDATIONS"
"705","DEPUIS DES ANNEES,SEULEMENT AUJOURD,HUI QU'ON EST VENU VACCINNE LES ENFANTS"
"706","ENFANT ABSENT A CAUSE DU VOYAGE"
"707","ENFANT A TOUT PRIS PAS MENTIONNE SUR LA CARTE"
"708","VOYAGE DE MAMAN AVEC L'ENFANT"
"709","D AUTRE DATE NE SONT PAS MENTIONNER DANS LA CARTE"
"710","TOUT LE MENAGE ETE EN VOYAGE"
"711","MENAGEMENT"
"712","ENFANT EN 13 MS"
"713","VACCIN  DONNER MAIS PAS NOTE"
"714","IL EST  VACCINÉ PAR RAPPORT A SON AGE"
"715","DEFAUT OU OUBLIE DE COCHAGE DE LA PART DES PACCINATEURS"
"716","POUR DE PLUMPYNET"
"717","INSECURITÉ"
"718","INSECURITE DU MILIEUX"
"719","LA MAMAN DELCLARE QUE L'ENFANT A RECU TOUS LES VACCINS"
"720","ENFANT AMENE A LA VACCINATION ET PAS VACCINE PARCEQU IL ETAIT AMENE AVEC RETARD"
"721","DEPLACEMENT DU CENTRE DE SANTE"
"722","ATTENDRE RDV"
"723","LE GARDIEN DÉCLARE QUE L'ENFANT A REÇU TOUS LES VACCINS SELON SON ÂGE"
"724","Déplacement dans le campement"
"725","COMPLETEMENT VACCINNE"
"726","COMPLÈTEMENT VACCINÉE MAIS PAS MENTIONNÉS"
"727","RECU MAIS NON SIGNALE SUR LA CARTE"
"728","ON A DONNER CERTAINS VACCIN"
"729","BIEN VACCINER"
"730","ANCIENNE FICHE OU LE ROTA3 N EST PAS ENREGISTRE"
"731","RESTE AU CHAMPS"
"732","LA  MERE  ETAIT  A  DEPLACEMENT"
"733","NON MAITRISE  DE NOUVEAU CALENDRIER VACCINAL"
"734","A PRIS TOUT LES VACCINS"
"735","ABSENCE PENDANT DES LONGUES PERIODES"
"736","RIEN À  SIGNALER"
"737","PAS MENTIONNÉ SUR LA CARTE DE VACCINATION"
"738","VACCIN RECU SELON LA MERE ET NON SIGNALE SUR LE CARNET"
"739","A DEBUTE LE VACCIN EN RETARD"
"740","HONTE CAR LA MERE EST TOMBE ENCEINTE PRECOCEMENT"
"741","JE N AI AUCUNE RAISON"
"742","OUBIE DE MAMAN"
"743","RUPTURE ET PANNE RÉFRIGÉRATEUR"
"744","MACQUIS POUR LA PECHE"
"745","DEPUIS LES DOSES 3, LA CARTE N'INDIQUE PAS DE DATE BIEN QUE C'EST INDIQUE OK"
"746","ENFANT EST VACCINE MAIS PAS REMPLIS LA FICHE DE VACCINATION POUR SON ENFANT"
"747","ENFANT COMPLETEMENT VACCINNE MAIS CARTE NON REMPLIE"
"748","LA MERE DÉCLARE SON ENFANT A REÇU LES VACCINS MAIS LE VACCINATEUR N'A PAS MENTIONNÉ LA DATE"
"749","TROP DE MUTATIONS"
"750","VOYAGE DE MERE ET L'ENFANT"
"751","LA MÈRE NE VEUT PAS QUE L'ENFANT SUBISSE EN MEME TEMPS LE TRAUMATISME DE LA CIRCONCISION RECENTE ET LA VACCINATION AU MÊME MOMENT."
"752","MERE DECLARE ENFANT AYANT RECU TOUS"
"753","DEPLACER"
"754","MEME DECLARATION"
"755","ENFANT VACCINE MAIS PAS SIGNALE SUR LA CARTE"
"756","NON MENTION DES VACCINS RECUS SUR LA FICHE PAR LES AGENTS"
"757","IL A REÇU TOUT LES VACCINS EN RAPPORT AVEC SON AGE"
"758","INNONDATION"
"759","DÉPLACEMENT POUR LA RÉCOLTE"
"760","VAA ET VAR2 MANQUANT"
"761","LA MAMAN DECLARE QUE SON ENFANT EST COMPLÈTEMENT VACCINE"
"762","TOUBLE ELECTION"
"763","FUITE SUITE A L'INSECURITE"
"764","NÉGLIGENCE SEULEMENT"
"765","VOYAGE DE LA MERE MERE"
"766","FATIGUE SEULEMENT DE LA MAMAN POUR RAMENER L'ENFANT A SON RENDEZ-VOUS DE 9MOIS."
"767","DEPLACEMENT AU CAMP CHAMPÊTRES"
"768","RUPTURE BCG ET PANNE RÉFRIGÉRATEUR"
"769","RECU MAIS NON RENSEIGNE"
"770","QUELQUES ANTIGENES RECUS LES AGENTS NE MENTIONNENT PAS SUR LA FICHE DE VACCINATION"
"771","L'ENFANT N'A PAS ENCORE ATTEINT L'ÂGE DU DERNIER VACCIN"
"772","MAUVAISE MENTION DE LA CARTE DE VACCINATION"
"773","J AVAIS OUBLIE LE LE  JOUR  DE LA VACCINATION"
"774","FUIRE L'INONDATION"
"775","NE REPOND QU'AUX RENDEZ VOUS"
"776","NE RECONNAIS L'IMPORTANCE DE REVENIR POUR LA DOSE DE 15EM MOIS"
"777","MARIAGE"
"778","LE VACCINATEUR A OUBLIER D ECRIRE"
"779","COMPLÈTEMENT VACCINÉ SELON LA DÉCLARATION DE LA MERE"
"780","INFORMATION RECU PAR DECLARATION SUITE A LA CARTE DE SA JUMELLE"
"781","Vaxcine mais Non mentionné"
"782","ENFANTARECULEVACCINSELONSONAGE"
"783","DEPLACEMENT DES GUERRES"
"784","DEPLACEMENT VERS LE CHAMP"
"785","DEPLACEMENT DANS LE CAMPAGNE"
"786","DEBUT DE LA GROSSESSE DE L'AUTRE BEBE (FATIGUE)"
"787","TOUS VACCINE"
"788","MAMAN  ENCEINTE"
"789","CARNET DE VACCINATION MAL COMPLETE"
"790","LA MAMAN AFFIRME QUE L'ENFANT A RECU LES DOSES 3 MAIS ELLE AVAIT OUBLIE LA CARTE"
"791","INSECIRITE"
"792","ON M A DIT QUE ENFANT COMPLETEMENT VACCINE"
"793","CARTE OUBLIÉ A LA MAISON  RAISON POUR LA QUELLE ON A PAS MENTIONNE"
"794","VPO NON RECU"
"795","DEPLACEMENT DES MEMBRES DU MENAGES"
"796","NON MENSIONNES"
"797","MAMAN ET ENFANT EN DÉPLACEMENT"
"798","LA MAMAN N'AMENE PAS LA CARTE AU MOMENT DE VACCIN"
"799","LA FAMILLE ETAIT EN VOYAGE"
"800","ROTA 3 NON REPRIS PARMI LES VACCINS"
"801","MERE ABSENTE PENDANT DES LONGUES PERIODES"
"802","L ENFANT A SUIVIE LE RESTE DE VACCIN EN OUGANDA"
"803","REFUS DE FRÉQUENTER LA VACCINATION PARCE QUE LA MERE N'A PAS REÇU LA FARINE DISTRIBUÉE AU CENTRE DE SANTE"
"804","VOYAGE INTENSE"
"805","LA MAMAN DELCLARE QUE L'ENFANT A RECU TOUS"
"806","VPO0 RUPTURE"
"807","DEPLACEMENT DE LA MAMAN AVEC L ENFANT"
"808","L'ENFANT EST COMPLÉMENT DE VACCINEE"
"809","ENFANT SEUL PAS MOYEN D OUVRIR LE FACON"
"810","FAUTE DE TRANSCRIPTIO DES AGENTS VACCINATEURS"
"811","ENFANTS VACCINE MAIS PAS MENTIONNE SUR LA FICHE DE VACCINATION"
"812","ENFANT MALADE ET VOYAGE"
"813","NON APPLICABLE ENFANT VACCINE DE ZERO A NEUF MOIS"
"814","LA FICHE NE RENSEIGNE PAS LE ROTA 3 VPI 1ET 2 ET VAR 2"
"815","A RECU ROTA 3"
"816","SUIS LE PROGRAMME DU CENTRE"
"817","MES ENFANTS N'ONT JAMAIS RATE UN RENDEZ-VOUS DE VACCINATION"
"818","ELLE DECLARE QUE SON ENFANT A PRIS TOUS LES VACCINS"
"819","LES VACCINATEUR DE L’AS N’ARRIVE PAS POUR MOBILISER"
"820","L’INFIRMIER A OUBLIE D ECRIT MAIS MON ENFANT  A RECU TOUT LE VACCIN SELON SON AGE"
"821","MERE DIT QUE SON ENFANT A REÇU TOUS LES VACCINS, MAIS NE SONT PAS ENREGISTRE"
"822","OUBLIE DE LA MÈRE DU RENDEZ-VOUS"
"823","OUBLIE DE LA MERE D'ALLER AU ESS"
"824","BON"
"825","LA MERE  ETAIT A DEPLACEMENT  AVEC  L'ENFANT"
"826","LA MERE DE LENFANT AVAIT OUBLIE D ALLER AVEC LA CARTE DE VACCINATION AU CENTRE C EST POURQUOI LES AUTRES ANTIGENES NE SONT PAS ECRITS SUR LA CARTE DE VACCINATION"
"827","LA MERE DECLARE QUE SON ENFANT EST COMPLTEMENT VACCINE MAIS SEULS VAR ET VAA SONT SUR LA CARTE"
"828","Déplacement de la mere"
"829","L’ENFANT N’A PAS RATÉ LES VACCINS"
"830","IDEM PRECEDENT"
"831","ERREUR DES VACCINATEUR QUI N A PAS MENTIONNE SUR LA CARTE SELON L ENQUETE"
"832","INCURTION DANS LE VILLAGE"
"833","TOUT LES VACCINS NE SONT PAS MENSIONNE"
"834","AGE DE LA PRISE NEST PAS ENCORE ARRIVE"
"835","MAMAN ETAIT EPROUVEE"
"836","COMPLETEMENT VACCINÉ"
"837","OUBLIE D'ENREGISTREMENT DE DATES"
"838","A RECU TOUT"
"839","VACCINS NON DISPONIBLES"
"840","NOUS AVIONS FUI LES EVENEMENTS DE MOBONDO"
"841","NEGLIGEANGE DE LA MERE"
"842","VACCINATEUR A OMNI DE MENTIONNE SUR LA CARTE"
"843","SE REFUGIER"
"844","CARTE MAL COMPLETE"
"845","NEGLIGEANCE DE LA MERE D'ALLER AU ESS"
"846","LA MERE DECLARE QUE L ENFANT A RECU LE VACCIN SAUF CELUI DE NEUF MOIS A CAUSE DU DEMENAGEMENT"
"847","VACCINE MAIS ANTIGENES NON ENREGISTRES"
"848","LE VACCINATEUR A OUBLIÉ DE SIGNALER LE VACCIN REÇU PAR L'ENFANT"
"849","LES ANTIGENES RECUS PAR L'ENFANT NE SONT PAS ENREGISTRES SUR LA FICHE ALORS QU'ELLE EST VACCINEE"
"850","A EU TOUS LES VACCINS"
"851","CH MATERNITE KINTAMBO"
"852","L'ENFANT A RECU TOUT LE VACCIN"
"853","DEPLACEMENT APRES GUERRE"
"854","LES INFIRMIERS ETAIENT EN GREVE"
"855","ENFANT A RECU TOUT LES VACCIN MAIS PAS ENREGISTRE"
"856","SELON LA MERE L'ENFANT A RECU TOUS LES VACCINS"
"857","LA MAMAN ETAIT EN VOYAGE"
"858","COPLETEMENT VACCINEE"
"859","ENFANT EST VACCINE"
"860","LES DATES NE PAS MENTIONNE DANS LA CARTE"
"861","Voyage de la mère vers l'Angola"
"862","RENDEZ VOUS (15MOIS,"
"863","VACCIN RECU NON MENTIONNE"
"864","IGNORANCE DU CALENDRIER VACCINAL"
"865","MERE SOUVENT AU CHAMPS"
"866","L’ENFANT RECOIT REGULIEREMENT SES VACCINS"
"867","EST VACCINE"
"868","Paresse et négligence"
"869","NON APLICABLE"
"870","ABSENCE DE MAMAN EN PERIODE DE VACCINATION"
"871","SANS REPONSE"
"872","DE VACCINATION VACCINS RECUS MAIS NON ENREGISTRES SUR LA CARTE"
"873","ON REFUSE LA CARTE DE L'OUGANDA"
"874","MERE SOUVENT AU CHAMPS LORS DE LA VACCINATION"
"875","MERE AUX CHAMPS"
"876","MAMAN AVAIT UNE PLAIE CESARIENNE"
"877","ENFANT RECU NON MENTIONNE"
"878","VACCIN RECU ET NON SIGNALE SUR LE CARNET"
"879","Il attendant la datte prevu"
"880","ROTA3 DEJA RECUE"
"881","CROYANCES"
"882","ABSENCE DE MAMAN"
"883","DERNIERE DOSE"
"884","REFUS DU PERE DE L'ENFANT"
"885","VAR2 N'ETAIT ENCORE DISPONIBLE"
"886","AGEPOURLEVACCIN9MOIS"
"887","LA MERE AFFIRME QUE L'ENFANT A RECU TOUS LES VACCINS MAIS QUE CELA N'A PAS ETE MENTIONNE"
"888","ENFANT A RECU SON CYCLE VACCINAL MAIS PAS TRANSCRI SUR LA CARTE"
"889","L’ENFANT N’A PAS ENCORE TOTALISER QUIENZE MOIS"
"890","ABSENCE PROLONGEE DE LA MERE DANS LE MENAGE"
"891","RUPTURE BCG ET  ENFANT MALADE"
"892","DATE NON MENTIONNEE"
"893","ATTEND SON DERNIER VACCIN"
"894","ROTA 3 RECUE"
"895","FATIGUE DE LA MERE GARDIENNE"
"896","J'ETAIS MALADE"
"897","MECONNAISSABLE DU CALENDRIER VACCINAL"
"898","ENFANT REÇUE NON MENTIONNE"
"899","AUCUN"
"900","CS EN DEPLACEMENT"
"901","J’AVAIS OUBLIEE"
"902","FERMETURE DU CENTRE DE SUITE DU PHENOMENE MOBONDO"
"903","LES VACCINATEURS SONT RARES"
"904","SELON LA DECLARATION DE LA MAMAN L’ENFANT A REÇU TOUT LES CACCIN MAIS PAS DE SIGNE DANS LE CARNET"
"905","L'ENFANT N'A JAMAIS RATÉ LE VACCIN"
"906","DEPACEMENT"
"907","VOYAGE DE MAMAN"
"908","ROTA3 A ETE DONNEE"
"909","DEPLACEMENT DE LA MERE ET DE L'ENFANT"
"910","LA MAMAN ETAIT EN DEPLACEMENT"
"911","IGNORANCE DE VACCINS DE QUINZE MOIS"
"912","L'ENFANT A RECU TOUT LES  VACCIN SELON SPN AGE"
"913","LE VACCINATEUR AVAIT OUBLIE DE MENTIONNE SUR LA CARTE"
"914","ANTIGENES NON MENTIONNES SUR LA FICHE"
"915","L'enfant est complètement vacciné"
"916","MERE ABSENTE LE JOUR DU VACCIN"
"917","ENFANT A RECUPERER RDV PROCHAIN"
"918","IL A RECU LES VACCINS"
"919","L'ENFANT A RECU TOUT LES VACCINS SELON LA DÉCLARATION DE LA MERE"
"920","NOUVEAU VACCIN"
"921","CARTE DE VACCINATION MAL REMPLIE"
"922","A RECU TOUS LES VACCINS SELON SON AGE MAIS NON ENREGISTRE"
"923","LA MERE DECLARE QUE SES ENFANTS ONT REÇU TOUS LES VACCINS"
"924","DÉPLACEMENT POUR LA PECHE"
"925","INDISPONIBILITE DU REFRIGERATEUR"
"926","MERE DE L'ENFANT MALADE LORS DU RENDEZ-VOUS"
"927","DEPLACEMENT DU MENAGE PENDANT UN MOMENT"
"928","COMPLETEMENT VACCINIR"
"929","LA MAMAN MANQUE L,ARGENT POUR LE CARTE VAVVINAL"
"930","CARTE NON REMPLIE"
"931","Il N'A PAS ENCORE L'AGE"
"932","L ENFANT A RECU TOUS LES VACCIN DE SON AGE"
"933","GUERRE A REPETITION"
"934","NON MENTION DES VACCINS RECUS SUR LA FICHE PAR LES AGENTS DU CENTRE"
"935","ENFANT A 7MOIS"
"936","L'enfant a tous reçu ses vaccins"
"937","DE PLACEMENTS DE PARENTS VERS LE CHAMPS"
"938","MON ENFANT N'A JAMAIS RATÉ LE VACCIN"
"939","Ils étaient en  voyage"
"940","Non applicable"
"941","COMPLETEMENT"
"942","SELON LA REPONDANTE LE VACCINATEUR AVAIT OUBLIE DE MENTIONNE"
"943","N'AS PAS ATTEINT 15 MOIS"
"944","PAS D'ARGENT POUR LA CPS"
"945","Juste une négligence"
"946","PAS MENTIONNE SUR LA CARTE"
"947","LES MAMANS SONT TOUJOURS EN ATTENTE DES VACCINATEURS DE STRATEGIE AVANCEE MAIS CES DERNIERS NE VIENNENNT PAS"
"948","ANCIENNE FICHE OU LE ROTA3 NEST PAS ENREGISTRE"
"949","VACCINER MAIS PAS MENTIONNE"
"950","VOYAGE DE SES PARENTS"
"951","AGE INFERIEUR POUR LE VAR 2"
"952","RDV"
"953","RUPTURE BCG ET MOBILITE DE L IT"
"954","MONVAIS REMPLISSAGE DANS LA CARTE"
"955","DECISION DU PERE"
"956","COMPLÈTEMENT VACCINER"
"957","VOYAGE VERS UN LIEU OÙ IL N’Y AVAIT PAS DE VACCINATION DE ROUTINE"
"958","MERE NEGLIGEANTE"
"959","COMPETEMENT VACCINNER"
"960","LES ATROCITES DES ASSAILLANTS DE LA CODECO"
"961","ENFANT VACCINÉ  MAIS PRE CARTE PERDU"
"962","MERE A OUBLI L UTILITE DE PROCHAIN RENDEZ VOUS"
"963","LA MAMAN RECONNAIT AVOIR TOUS REÇUE SELON LE CALENDRIER DE LA MATERNITE OU ELLE A ACCOUCHÉ"
"964","LA MAMAN AFFIRME QUE L'ENFANT A RECU MAIS LA CARTE EST SILENCIEUSE"
"965","ELLE EST COMPLETEMENT VACCINEE"
"966","SIGNALER"
"967","ENFANT COMPLETEMENT VACCINE SELON SA MERE"
"968","OMISSION"
"969","LE CALENDRIER VACCINAL BIEN RESPECTE SELON SA MAMAN"
"970","OUBLI DE MENTIONNE DANS LA CARTE"
"971","LA MERE DECLARE QUE SON ENFANT A RECU TOUS LES VACCINS"
"972","TOTALEMENT  VACCINER"
"973","PRESTATAIRE NE COMPLETE PAS BIEN LA CARTE DE VACCINATION"
"974","ENFANT A RECU TOUS LES VACCINS'- OUBLI DE MENTION SUR LA CARTE"
"975","LE PAPA A REFUSER DE DONNE LA CADETTE LE VACCIN  SUITE A LA TOUT PRESENTE PAR SA GRANDE SOEUR QUI A RECU LE VACCIN PORTE A PORTE"
"976","VACCIN RECU MAIS PAS MENTIONNE"
"977","TROP LOIN"
"978","ENFANT VACCINER ON ATTEND QU IL TOTALISE 9 MOIS"
"979","INONDATION AU VILLAGE"
"980","PERTURBATION SUITE A LA GUERRE"
"981","EN FONCTION DE SON AGE"
"982","A RECU TOUTES LES DOSES"
"983","MON.GOLS EST VACVONE MAIS PAS MARQUE DANS LA FICHE"
"984","EN INSTANCE DU STOCK  VAR 2"
"985","DEPLACEMENT GUERRE"
"986","VACCINÉ UNE FOIS MAIS PAS MATIONEE"
"987","PARENTS ET ENFANT EN DEPLACEMENT"
"988","ELLE A RECU MAIS PAS MATIONNER"
"989","LA DOSE DU 15 EME MOIS NON CONNUE PAR LA MERE"
"990","ANTIGENES ADMINISTRE MAIS PAS MENTIONNES SUR LA FICHE  DECLARE PAR LA MERE"
"991","MAUVAIS TENU DE L'OUTIL"
"992","VAYAGE"
"993","Refus du père"
"994","NON MENTION DES VACCINS RECUS SUR LA FICHE PAR LES AGENTS DU CENTRE DE SANTÉ"
"995","Je ne connais pas le motif"
"996","TOUT LE MENAGE EST PARTI DANS LA FORET PENDANT PLUSIEURS MOIS"
"997","ENFANT RECUE NON MENTIONNE"
"998","LES PARENTS SE SONT DEPLACES AVEC L'ENFANT"
"999","ROTA 3 A ETE DONNEE"
"1000","MERE N'A PAS ENTENDU LA MOBILISATION POUR SE RENDRE A LA VACCINATION"
"1001","MENAGE ABSENT DU VILLAGE"
"1002","MAMAN ETAIT EN VOYAGE AVEC SON ENFANT"
"1003","LA MERE DECLARE RECU MAIS NON MENTIONNE SUR LA FICHE"
"1004","OUBLIE DE LA MERE DE LA MERE"
"1005","LA MERE AURAIT PERDU SON PERE AU VILLAGE"
"1006","TEMPS D'ATTENTE IMPORTANT"
"1007","DISTANCE LONGUE AVEC LE CS"
"1008","DEPLACEMENT DE LA MERE SUITE AU DEUIL DANS LA FAMILLE"
"1009","MÈRE OCCUPÉ PAR L'ORPAILLAGE"
"1010","LA DATE N EST PAS MENTIONNER MAIS L ENFANT A TOUT RECU SELON LA DECLARATION DE LA MERE"
"1011","LES VACCINATEURS N ECRIVENT PAS SUR LA CARTE DE VACCINATION"
"1012","INNONDATION DE RIVIERE ARUWIMI"
"1013","ENFANT VACCINER DECLARER PAR LA MERE MAIS LES ANTIGENES NON MENTIONNES SUR LA FICHE"
"1014","GREVE A VIJANA"
"1015","DEPLACEMENT AU CHAMP"
"1016","L'ENFANT EST COMPLÉMENT VACCINER"
"1017","REFUS D'UTILISATION DE LA CARTE DE L'OUGANDA"
"1018","CHANGEMENT DE LIEU"
"1019","ANTIGENES ADMINISTRE MAIS PAS MENTIONNES SUR LA FICHE DECLARER PAR LA MERE"
"1020","PAS ASSEZ D'ENFANTS POUR OUVRIR LE VACCIN"
"1021","EST COMPLEMENT VACCINE"
"1022","RUPTURE ET VAR"
"1023","VACCINS NON MENTIONNE"
"1024","PAS DE SENSSIBILISATION A LA 15EME DOSE"
"1025","COMPLEMENT VACCINER"
"1026","MERE DECLARE ENFANT AYANT RECU TOUS LES VACCINS SELON SON AGE"
"1027","L’ENFANT AURAIT REÇU TOUS SES VACCINS,  L’INFIRMIER AURAIT OUBLIÉ DE MENTIONNER LE BCG ET VPO0 SUR LA FICHE"
"1028","MERE EN VOYAGE AVEC ENFANT"
"1029","A TOUT RECU SELON SON AGE MAIS PAS MENTIONNE"
"1030","ETAIT DANS LE CAMPEMENT"
"1031","CALENDRIER VACCINALE A COUR"
"1032","TOUTE LA FAMILLE ETAIT EN DEPLACEMENT"
"1033","LA MERE A HONTE CAR ELLE EST TOMBE ENCEINTE PRECOCEMENT"
"1034","L'ENFANT A PRIS TOUT LE VACCIN SELON SON AGE MAIS L'INFIRMIER N'AS PAS ECRIT."
"1035","ENFANT COMPLETEMENT VACCINE DE ZERO A NEUF MOIS"
"1036","DÉPLACEMENT FAMILIALE"
"1037","A RECU TOUS LES VACCINS SELON SON AGE MAIS NON ENREGISTRE SUR LA FICHE"
"1038","Vaccinateurs en grève"
"1039","L'OUBLIE DE LA PART DE LA MERE"
"1040","RECULEVACCINSELONSONAGE"
"1041","LA MERE AVAIT VOYAGÉ AVEC L'ENFANT"
"1042","LES VACCINS RECUS N""ETAIENT REMPLIS"
"1043","LE VACCIN N'EST PAS MENTIONNEE SUR LA FICHE,MAMAN DECLARE AVOIR RESPECTE SE RENDEZ VOUS"
"1044","LE PRESTATAIR  NON  PAS  MATIONNE LE DATE"
"1045","LONGUE ATTENTE, MANQUE D.INFO DE VAR2 ET VPI2,LES AUTRES VACCINS REÇUS MAIS NON ENREGISTRES SUR CARTE"
"1046","DEPLACEMENT FERME"
"1047","VOYAGE DE LA MAMAN ET ENFANT"
"1048","MAMAN ETE AUX CHAMPS"
"1049","SEANCES DE VACCINATION VAR2 VPI2 NON ENCORE PROGRAMMEES"
"1050","VPO 0 NON REÇU"
"1051","L ENFANT AVAIT EU SES VACCIN MAIS LE VACCINATEUR AVAIT OUBLIE DE MENTIONNE"
"1052","L'ENFANT A PRIS TOUT LE VACCIN SELON SON AGE MAIS L'INFIRMIER N'AS PAS"
"1053","LA MERE DECLARE QUE SON ENFANT A DEJA ETE VACCINE PPUR CERTAINS ANTIGENES MAIS LA FICHE N'A PAS ETE COMPLETEE"
"1054","VAR2 PAS ENCORE ADMINISTRE"
"1055","A TOUT RECU SELON SON AGE MAIS DAUTRES VACCINS NE SONT PAS RENSEIGNES"
"1056","MAMAN ABSENTE AU CHAPS LORS DE LA VACCINATION"
"1057","ENFANT A FINI SES VACCINS"
"1058","POUR RIEN, VOYAGE DE LA MERE"
"1059","QUI CHERCHE AUX CARRIRE MINE"
"1060","NON MENTIONNER SUR LA CARTE"
"1061","VACCIN DEJA DONN MAIS  PAS NOTE"
"1062","Mère en voyage lors du rendez-vous"
"1063","L ABSENCE DU MENAGE PENDANT UN MOMENT DY VILLAGE"
"1064","POST DE SANTE FERME PENDANT PLUSIEURS MOIS"
"1065","VACCINNE PAS MENTIONNE"
"1066","ROTA3 ETAIT DONNEE"
"1067","VACCINE MAIS PAS NOTE"
"1068","A TOUS  LES VACCIN"
"1069","TOUT RECU MAIS NON SIGNALE"
"1070","PARENTS DEPLACES"
"1071","L'ENFANT A REÇU TOUT LE VACCIN SELON SON AGE"
"1072","VACC MAIS NON SIGNALE"
"1073","FAUTRE DE TRANSCRIPTDE LA PART DES VACCINATEURS"
"1074","TOUJOURS LA MEME DECLARATION"
"1075","ATTEND 15 MOIS POUR LE DERNIER VACCIN"
"1076","ENFANT ATTEND LE RENDEZ-VOUS"
"1077","PAS DES RAISONS EVOQUEES"
"1078","DEMENAGEMENRT"
"1079","MEAGE EN DEPLACEMENT INTERNE"
"1080","VILLAGE  OU ON ETAIT  ON VOYAIT PAS LE VACCINATEUR"
"1081","GUERE"
"1082","VACCINS RECUS MAIS NON MENTIONNES SUR LA CARTE"
"1083","NE CONNAIT PAS LE VACCIN DE QUINZE MOIS"
"1084","MERE MALADE LES JOURS DE VACCINATION"
"1085","MERE GARDIENNE NON DISPONIBLE"
"1086","A REÇU TOUS LES VACCINS SELON SON AGE"
"1087","RUPTURE DES STOCKS VACCINS"
"1088","MERE"
"1089","A RECU TOUS LES VACCINS SELON LES"
"1090","ENFANT VACCINE DECLARE PAR LA MERE MAIS LES ANTIGENES NON MENTIONNES SUR LA FICHE"
"1091","DEPLACEMENT VERS BOYA"
"1092","ENFANT COMPLETEMENT VACCINER SELON LA MERE"
"1093","ENFANT VACCINE MAIS CARNET PAS BIEN TENU"
"1094","MANAGEMENT DU MILIEU"
"1095","VOYAGE AVEC LES ENFANTS"
"1096","CE SONT LES INFIRMIERS QUI N'ÉCRIVENT PAS SUR LES FICHE"
"1097","NON REMPLISSAGE DES ANTIGENES ADMINISTRE SUR LA FICHE"
"1098","LES INFIRMIERS N'ECRIVENTPAS SUR LA FICHE"
"1099","ENFANT NON ENVOYER"
"1100","TOUT VACCINE"
"1101","NOMBRE D’ENFANT"
"1102","ABSENCE DU VAR"
"1103","LA BATAILLE ENTRE LES ETHYNIES"
"1104","NON MENTION DES VACCINS RECUS SUR LA FICHE"
"1105","A PEINE DE  RENTRER DEPUIS  L'INONDATION , LES VACCINATEURS ARRIVENT PARFOIS EN SON ABSENCE"
"1106","ENFANTS VACCINER MAIS NON ECRIT DANS LA CARTE"
"1107","ABSENCE DE LA STRATÉGIE AVANCÉE ET RUPTURE BCG"
"1108","LA DATE NE PAS ARRIVÉE"
"1109","RECU MAIS NON MENTIONNE PAR LES PRESTATAIRES"
"1110","DATES NON REMPLIES PAR LES PERSONNELS MEDICAUX"
"1111","ENFANT PAS COMPLETEMENT VACCINE PAR NEGLIGENCE DE LA MERE"
"1112","L'enfant a tous reçu ses vaccination"
"1113","QUERELLE AVEC LA VACCINATRICE"
"1114","ENFANT ET SA MÈRE EN VOYAGE"
"1115","CONTRADICTION ENTRE LES DECLARATION DE LA MERE ET LA CARTE"
"1116","L ENFANT À EU TOUT LES VACCINS MAIS TOUT NE SONT PAS MENSIONNE SUR LA FICHE"
"1117","RUPTURE BCG ET VAR"
"1118","L'ENFANT A TERMINÉ TOUS SES VACCINS PREVU"
"1119","AUCUN APPEL DE LA PART DES VACCINATEURS"
"1120","DEPLACEMENT DE MAMAN"
"1121","DÉPLACEMENT DANS LE CAMP CHAMPETRE"
"1122","VOYAGE DES PARENTS VERS KISANGANI"
"1123","ENFANT COMPLETEMENT VACCINE APRES DECLARATION DE SA MERE MAIS LA CARTE DETRUITE NE RAPPORTE PAS DES INFORMATIONS"
"1124","RIEN N A SIGNALE"
"1125","RUPTURE ET VOYAGE"
"1126","MERE ET L ENFANT EN VOYAGE"
"1127","CARTE MAL REMPLI"
"1128","DEPLACEMENT DE LA MERE RAISON DE LA NON VACCINATION DE L ENFANT"
"1129","A RECU MAIS PAS MENTIONNE"
"1130","NEGLIGENCE  DES PARENTS"
"1131","L' ENFANT EST COMPLÈTEMENT  VACCINE"
"1132","ENFANT ETAIT EN DEPLACEMENT AVEC SA MERE"
"1133","CONFLIT AVEC  IT DU CS"
"1134","RREFUS PAR LA MERE"
"1135","VACCINER MAIS NON ENREGISTRER"
"1136","ENFANT VACCINE MAIS NON SIGNALE SUR LA FICHE"
"1137","ZERO DOSE SUR LA FICHE MAIS LA MAMAN TEMOIGNE QUE SON ENFANT A RECU TOUS LES VACCINS"
"1138","MERE ENVOYÉ"
"1139","ENFANT  VACCINER  COMPLÈTEMENT  MAIS NIN SIGNALER  DANS  LA CARTE"
"1140","DEPLACEMENT DANS UNE AUTRE"
"1141","VACCIN RECU MAIS NON RENSEIGNE"
"1142","LA MERE DECLARE QUE SON ENFANT EST COMPLETEMENT VACCINE MAIS CARTE DE VACCINATION NON COMPLETEE"
"1143","Idem"
"1144","L’ENFANT A RECU LE VACCIN SELON SON AGE"
"1145","DEPLACEMENT  VERS LE CHAMPS"
"1146","CONFLIT AVEC PERSONNEL SOIGNANT"
"1147","LA MERE ENCEINTE NE SAVAIT PAS PARCOURIR LE LONG TRAJET"
"1148","MERE ET L ENFANT EN DEPLACEMENT"
"1149","L ENFANT SERAIT COMPLETEMENT VACCINE SELON LA MERE"
"1150","OUBLIE DELA MAMAN"
"1151","ENFANT SERA MALADE APRÈS LA VACCINATION"
"1152","L'ENFANT A RECU TOUTE LES VACCIN A SON AGE"
"1153","VOYAGE DE LA MERE AVEC L'ENFANT AU VILLAGE"
"1154","Le VACCIN RWND NOS ENFANTS FAIBRILE"
"1155","LES CENTRE N'A PAS ENCORE DONNE LE PROGRAMME"
"1156","A RECU 
TOUS LES ANTIGENES"
"1157","DEPLACEMENT POUR L'INONDATION"
"1158","C'EST SA MERE QUI AMENE L'ENFANT A LA CPS"
"1159","VPO À LA NAISSANCE NON RECU"
"1160","LA PARESSE DE LA MERE GARDIENNE"
"1161","MERE MALADE N'A PAS EU LA FORCE DE SE RENDRE AU CS"
"1162","OUBLIE ET NEGLIGENCE"
"1163","COMPLÈTEMENT VACCINE SELON SON AGE"
"1164","ELLE DECLARE AVOIR PRIS DES VACCINS QU'ON N'A PAS MENSIONNES."
"1165","SELON  LA DECLARATION DE LA MERE ENFANT A RECU LE VACCIN"
"1166","DECLARE VACCINE"
"1167","INDISPONIBILITE PENDANT LES JOURS DE VACCIN"
"1168","REFUS DE TUTEUR"
"1169","DECOURAGEMENT DE LA MERE A CAUSE DE MANQUE D'ANTIGENES"
"1170","EN ORDRE NON REMPLI"
"1171","INSECURITE DANS LE DEUX ZS LOWA ET UBUNDU"
"1172","DEPLACEMENT HORS ZONE"
"1173","ATTEINT DEJA L AGE"
"1174","VACCIN DONNER MAIS PAS NOTE"
"1175","ELLE ETE PARTIE EN DÉPLACEMENT AVEC L ENFANT"
"1176","ENFANTS A RECU TOUT LES VACCIN MAIS PAS ENREGISTRE"
"1177","ENFANT MALADIF NON ENVOYE"
"1178","DECES DE PERE DE LENFANT"
"1179","ABCES AU BRAS DE L ENFANT"
"1180","NEGLIGEANGE"
"1181","TOUS LE VACCIN MENTIONE SAUF LE ROTA 1"
"1182","L'INFIRMIER VACCINATEUR N'A PAS SIGNALE LES VACCINS RECU PAR L' ENFANT; L' INFIRMIER TITULAIRE ABSENT POUR VERIFIER DANS LE REGISTRE ."
"1183","IL A RECU TOUT LES VACCINS"
"1184","MEME RECLAMATION"
"1185","DES VACCINS RECUS MAIS NON RENSEIGNE"
"1186","ENFANT ETAIT TOUJOUR MALADE"
"1187","L'enfant a reçu les doses selon son âge"
"1188","AGE NON ATTEINT POUR RECEVOIR LA DOSE"
"1189","ELLE DECLARE AVOIR PRIS TOUS LES VACCINS"
"1190","REUSSIT MAIS PAS SIGNALE AU CARTE"
"1191","L'INSECURITE (KULUNA)"
"1192","DOSES NON RENSEIGNEES"
"1193","L'enfant est completement vacciné"
"1194","RUPTURE BCG ET DÉPLACEMENT POUR LA RECOLTE"
"1195","ENFANT VACCINE SANS QUE LE CS N'INDIQUE"
"1196","MERE ET PERE ABSENT LA JEUNE SOEUR QUI REPOND"
"1197","NE CONNAÎT PAS L'AJOUT D'AUTRES VACCINS"
"1198","MANQUE D'ARGENT DE RDV"
"1199","LA MERE DECLARE QUE SES ENFANTS SONT VACCINER SELON LEURS AGE"
"1200","COMPLETEMENT VACCINÉ SELON SON ÂGE  MAIS NON SIGNALER DANS LA CARTE"
"1201","DECLARE QUE L'ENFANT A RECU TOUS LES VACCINS"
"1202","MALADIES DES PARENTS ET FRERES"
"1203","LA MÈRE AFFIRME QUE SON ENFANT A REÇU LE BCG"
"1204","PAS INFORME DES NOUVEAUX VACCINS"
"1205","PAS D'INFORMATION SUR LA DATE DE VACCINATION"
"1206","INACCISSIBLE"
"1207","VACCINNE AU CENTRE"
"1208","VU SON AGE"
"1209","NON ENREGISTRE"
"1210","DATES PAS BIEN REMPLIES"
"1211","ROTA 3 RECU"
"1212","ENFANT COMPLÈTEMENT VACCINÉ MAIS VAR ET VAA NON MENTIONNÉ SUR LA FICHE"
"1213","MAMAN ABSENTE DU MILIEU"
"1214","Trouble Dans  le village"
"1215","NON DISPONIBILITÉ DES  ANTIGÈNES"
"1216","FOSA FERMEE, PUBLIQUE LOCALE  ELOIGNEE"
"1217","LA MERE CROIT AVOIR TERMINE TOUT LES VACCINS JUSQU'A 9MOIS"
"1218","EN ATTENTE DES ÉQUIPES DES VACCINATEURS À DOMICILE"
"1219","LE VACCINATEUR ( RECOSITE MALADE)"
"1220","INNODATION"
"1221","L'ENFANT N'A PAS ENCORE ATTEINT 9 Mois"
"1222","ETAIT EN DEPLACEMENT A AKULA"
"1223","L'ENFANT A RECU LE VACCIN MAIS CE N'EST PAS MENTIONNE SUR LA CARTE"
"1224","ABSENCE DE LA  MERE DE L'ENFANT  SUITE  AU  DEPLACEMENT"
"1225","ABSENCE PROLONGEE DE LA MERE DU MENAGE"
"1226","RNS"
"1227","L ENFANT RECU TOUT LES VACCINS DECLARA SA MERE"
"1228","MANQUE D INFORMATIONS"
"1229","OUBLI DE COCHET"
"1230","CHAINE DE FROID"
"1231","ELLE A RECU TOUT LES VACCIN MAIS PAS ENREGISTRE"
"1232","C EST CE QUE LA CARTE RAPARTE COMME RENSEIGNEMENT"
"1233","ENFANT  COMPLETEMENT  VACCINE"
"1234","DÉPLACEMENT DE FAMILLE"
"1235","CERTAINS ANTIGENES NE SONT PAS MENTIONNES SUR LA CARTE"
"1236","ENFANT COMPLETEMENT VACCINE SELON LA MERE MAIS CARTE NON MISE A JOUR"
"1237","DATES DE PRISE DE  VACCIN NON RENSEIGNE SUR LA CARTE"
"1238","NOUS ETIONS EN DEPLACEMENT AU CONGO BRAZAVILLE"
"1239","15 AZUAKI MAIS"
"1240","LE CARNET DE VACCINATION NON REMPLI OR LA MERE DE L'ENFANT DECLARE QUE CE DERNIER EST COMPLEMENT VACCINE"
"1241","DÉPLACEMENTS DE GUERRE TRIBUNAL"
"1242","CONFLIT ENTRE LE VILLAGE ET INFIRMIER TITULAIRE"
"1243","FUITE DE GUERRE DANS LA FORET"
"1244","RUPTURE ET ENFANT MALADE"
"1245","FOUIR LA GUERRE"
"1246","J'AVAIS PERDU MA MERE"
"1247","LA MERE DECLARE QUE A CHAQUE FOIS SU,ELLE PARTAIT POUR LE RESTE DE VACCIN. ON LUI DISAIT QUE LE NOMBRE D,ENFANT N,ETAIT PAS SUFFISANT"
"1248","LES INFIRMIERS NE MENTIONNENT PAS LES ANTIGÈNES  DONNES"
"1249","RIEN PARCE QUE MON ENFANT A RECU TOUT LE VACIN DONC L' INFIRMIER N'ECRIVEZ PAS SUR LA CARTE"
"1250","L'ENFANT A PRIS TOUT LE VACCIN SELON SON AGE MAIS L'INFIRMIER N'AS PAS ÉCRIT"
"1251","ABSENCE DE BCG AU PS"
"1252","MAMAN ET SON ENFANT EN VOYAGE AU VILLAGE"
"1253","NON PASAGE DES RELAIS"
"1254","CARTE DE CACCINATION MUETTE MAIS L ENFANT A RECU TOUS LES VACCIS SELON LA MERE"
"1255","DECES  DE LA MÈRE  EN POSTPARTUM"
"1256","OUBLIE DE L'HOREUR DE VACCINATION"
"1257","POUR LE VACCIN DE 15 MOIS MAMAN ATTEND LE MOIS PROCHAIN"
"1258","ABSENCE DU VPI2"
"1259","ENFANT  COMPLETEMENT VACCINE"
"1260","BIEN VACCINNER"
"1261","NOUS ETIONS DEPLACES POUR UN AUTRE VILLAGE"
"1262","ERREUR REMPLISSAGE DE LA CARTE"
"1263","EUX QUI N ONT PAS ECRIT"
"1264","Pas de connaissances sur les nouvelles doses"
"1265","L ENFANT ETAIT EN VOYAGE"
"1266","SELON SON AGE"
"1267","DEPLACEMENTS DES GUERRES"
"1268","IRREGULARITIE"
"1269","LA GUERRE DANS LE MILIEU"
"1270","J AVAIS DEMENAGE"
"1271","A RECU TOUS LES VACCINS SELON SON AGE MAIS VAR NON ENREGISTRE"
"1272","RUPTURE  ET PANNE RÉFRIGÉRATEUR"
"1273","LES ENFANTS ABSENTS AU LIEU DE VACCINATION"
"1274","DÉPLACEMENT VERS LE VILLAGE"
"1275","MERE ABSENTE LES JOURS DES VACCINS"
"1276","MERE OCUPEE"
"1277","MERE ABSENTE DU VILLAGE PENDANT UN LONG MOMENT"
"1278","CARTE VIERGE"
"1279","ELLE RECONNAIT AVOIR FINI LE CALENDRIER DE SON ENFANT"
"1280","MAUVAIS REMPLISSAGE DE LA CAPAR DES INFIRMIER"
"1281","GREVE DU PERSONNEL DE SANTE"
"1282","FICHE NON REMPLIE"
"1283","TOUS VACCIS REUSSI"
"1284","CS EN DEPLACEMENT SUITE AUX AFFRONTEMENTS ETHNIQUES"
"1285","VACCINS RECUS MAIS NON ENREGISTRES"
"1286","PARFOIS AU CHAMPS"
"1287","LA MAMAN DELCLARE QUE L'ENFANT A RECU TOUS LES VACCIN"
"1288","NEGLIGENCE DU PRESTATAIRE"
"1289","MAMAN ENVOYAGES"
"1290","LE VPO 0N' A PAS ETE ADMINISTRE A L'HGR KINDU"
"1291","ENFANT A RECU LES VACCIN MES PAS ENREGISTRE"
"1292","MON FILS EST VACCINE"
"1293","REFUSÉ CHEZ NOUS DE CONTINUER SUR LA CARTE DE DE L'OUGANDA"
"1294","SELON LA MERE L'ENFANT VACCINE MAIS SA CARTE GARDE AU CS"
"1295","DÉCOURAGEMENT"
"1296","MANQUE DE ROTA VIRUS 3"
"1297","ARECU TOUT LES VACCINS"
"1298","RENDEZ VOUS (15 MOIS)"
"1299","DEMENAGEMENT FAMILIAL"
"1300","LA MAMAN AFFIRME QUE L'ENFANT A RECU LES VACCINS MAIS LA CARTE EST SILENCIEUSE"
"1301","INCURSION DANS LE VILLAGE"
"1302","SELON LA REPONDANTE LE VACCINATEUR AVAIT OUBLIE D ECRIRE"
"1303","MERE ENCEINTE FATIGUE"
"1304","CONFLIT ETHNIQUE ENTRE DEUX VILLAGE VOISIN ET PAS MOYEN D'ACCEDR AU SERVICES DE VACCINATION"
"1305","NOMBRE D’ENFANTS RECQUIS POUR LA VACCINATION DE BCG NON ATTEINT"
"1306","ENFANT COMPLETEMENT VACCINE MAIS LA CARTE N'EST REMPLIE"
"1307","VOYAGE SUR LE LAC"
"1308","La mère a oublié"
"1309","MAUVAISE TENU DE LA CARTE PAR LE PRESTATAIRE"
"1310","EMMA ANTOHAWEDI IL A TOUT TERMINE"
"1311","IGNORE QUE VAT2 ET VPI2 EXISTE"
"1312","FAIRE KE CHAMPS PENDANT 6MOIS"
"1313","DEPLACEMENT SUITE A L'INONDATION"
"1314","MERE EN PRISON"
"1315","MUTATION DE CHEF DE MENAGE"
"1316","ANTIGENTES NON ENREGISTRES SUR LA CARTE"
"1317","A CONTINUE LA VACCINATION EN ZAMBIE"
"1318","MAMAN ETAIT PARIE AU DEUIL AVEC L ENFANT"
"1319","L'enfant a tous reçu ses vaccination selon les doses selon son âge"
"1320","RETOURNE A 2 REPRISES A CAUSE DU NOMBRE INSUFFISANT D'ENFANTS POUR UN FLACON DE VAR"
"1321","ROTA 3 ETE DONNEE"
"1322","MERE ETAIT DEJA ENCEINTE"
"1323","LA MERE A LAISSER DE FAIRE VACCINE L ENFANT PAR CE QUE L ENFANT ETAIT EMPOISONNE"
"1324","COMPLETEMENT  VACCINÉ  MAIS UNE  MONVAISE  REMPLISSAGE  PAR LES  VACCINATEUR"
"1325","ON AVAIT PAS DIT DE REVENIR"
"1326","VACCIN PRIS NON MARQUE"
"1327","MAMAN ETAIT A MUENA DITU AVEC SON ENFANT"
"1328","LA NÉGLIGENCE SEULEMENT"
"1329","ATTITUDE  NEGATIVE DES PRESTATAIRES"
"1330","C'ETAIT  UNE PRIVEE, FERMEE"
"1331","DEPLACEMENT FAMILIAL"
"1332","ENFANT RECUS LES VACCIN MAIS QUI N'EST SONT PAS ECRIT DANS LA CARTE"
"1333","NOMBRE D'ENFANT INSUFFISANT POUR OUVRIR UN FLACON"
"1334","INSECURITE /DEPLACEMENT APRES LA GUERRE"
"1335","NEGLIGEANCE DE LA MERE  DE L ENFANT"
"1336","PAS INFORMER POUR LA DOSE DE QUINZE MOIS"
"1337","L ENFANT EST REGULIEREMENT VACCINE MAIS LA CARTE N EST PAS COMPLETEE"
"1338","ENFANT COMPLETEMENT VACCINE MAIS PAS MENTIONNE"
"1339","ABSENCE DES DATE SUR LA CARTE DE VACCINATION"
"1340","L ENFANT TOTALEMENT VACCINNE"
"1341","CONFLIT ARME"
"1342","ARECULESVACCINJUSQUAU9MOIS"
"1343","PRETANT AVOIR RECU TOUS LES VACCINS"
"1344","Vacciné selon la mère mais pas mentionné"
"1345","SORTIE(VOYAGE) DE LA MERE"
"1346","ATTENTE DES AUTRES VACCINS"
"1347","ANTIGENES ADMINISTRE MAIS PAS MENTIONNES SUR LA FICHE DECLARE PAR LA MERE"
"1348","La fatigue  de la mere"
"1349","MANQUE D'INFORMATION SUR LES VACCINS AU 15 MOIS"
"1350","ENFANT VACCINER DECLARER PAR LA MERE MAIS UNE PARTIE DE LA FICHE DETRUITE POUR MENTIONNER LES ANTIGENES ADMINISTRE"
"1351","VOYAGE POUR LA RECOLTE"
"1352","COMPLETEMENT VACCINE SELON SA MERE"
"1353","JETAIS AU DEUIL"
"1354","IVRESSE DE L INFIRMIER"
"1355","NON MENTION DES VACCINS RECUS SUR LA FICHE PAR LES AGENTS DU CS"
"1356","ENFANT  VACCINER MAIS NON MENTIONNÉ  DANS LA CARTE"
"1357","RUPTURE BCG ET INDISPONIBILITÉ DE LA MÊME"
"1358","A DEJA RECU LES ANTIGENES A SON ÀGE"
"1359","L’I FIRMIER NE MENSIONNE PAS DANS LA CARTE"
"1360","RUPTURE BCG ET ENFANT MALADE"
"1361","LENFANT A RECU TOUS LES VACCINS SELON SON AGE"
"1362","ATTEND LE RENDEZ-VOUS DE NEUF MOIS"
"1363","LA MERE ETAIT EN VOYAGE"
"1364","DOCUMENTATION INCORRECTE"
"1365","PAS ROTA2 SUR LA FICHE"
"1366","TOUT RECU MAIS BCGNON MENTIONNE"
"1367","NON INSCRIT  SUR LA CARTE"
"1368","PAS MENSIONNE"
"1369","ANNULE A CAUSE DE LA PRESENCE DE REBELLE DANS LA ZONE"
"1370","LA MAMAN AFFIRME QUE L'ENFANT A RECU LES VACCINS MAIS LA CARTE EST MUETTE"
"1371","MERE BIOLOGIQUE DECEDEE"
"1372","OUBLIE DE MERE  DE L ENFANT"
"1373","VACCINÉ"
"1374","L'ENFANT EST COMPLETEMENT VACCINÉE VACCINE VACCINE"
"1375","REPLACEMENT DE LA MERE AVEC SON ENFANT"
"1376","OUBLIE DE LA FICHE DE VACCINATION"
"1377","IGNORE LA NECESSITE DE VAA ET VAAR"
"1378","VAA ET VAR NON ENREGISTRE MAIS LA MERE DIT QUE SON ENFANT A REÇU TOUS LES VACCINS"
"1379","IDEM SUPRA"
"1380","DÉPLACEMENT EN BROUSSE À CAUSE DE CONFLITS COUTUMIER"
"1381","RECUS SELON SON AGE"
"1382","COMPLÈTEMENT VACCINÉS"
"1383","ELLE A TOUT REÇU PAR RAPPORT A SON AGE"
"1384","VOYAGE ET RUPTURE"
"1385","A RECU TOUS  SES VACCIN"
"1386","ENFANT N,A PAS ENCORE ATTEINT L,AGE"
"1387","EN ANGOLA"
"1388","A RECU MAIS NON EN REGISTER SUR LA FICHE"
"1389","Absence des VACCINs"
"1390","TOUS LES VACCINS SONT RECUS, SAUF  ROTA 3 QUI N'EST PAS REPRIS  SUR LA CARTE"
"1391","Pas de précision"
"1392","A RECU TOUT LES VACCINS MAIS N PAS AFFICHE SUR LA CARTE"
"1393","LE VOYAGE DE LA MAMAN AVEC SON BEBE"
"1394","A pris"
"1395","MANQUES L'ARGENT"
"1396","L'ENFANT  A TOU RECU"
"1397","LA MERE  DE  L'ENFANT  ETAIT  AU  VOYAGE"
"1398","LE MARI AVAIT VOYAGEÉ AVEC LA FICHE DE L ENFANT"
"1399","IL ETAIT EN DEPLACEMENT"
"1400","ERREUR DE REMPLISSAGE DE LA CARTE"
"1401","ABSENCE DU MENAGE AU VILLAGE"
"1402","TOUS LES VACCINS DONNÉES"
"1403","VACCIN RECU SELON LA MERE MAIS NON SIGNALE SUR LE CARNET"
"1404","LA MAMAN DIT QUE SON ENFANT À RECI TOUT LES VACCINS"
"1405","Mort du père"
"1406","ON S ETAIT DEPLACE POUR RAISON DE DEUIL"
"1407","AMENER A LA CPS UN MOIS APRES LA NAISSANCE"
"1408","SONT EN DEPLACEMENT DE L OUGANDA"
"1409","ENFANT A RECU TOUT LES VACCIN MAIS PAS MATIONNER"
"1410","D'AUTRES VACCINS SONT RECU DANS UNE AUTRE AIRE DE SANTE"
"1411","L ENFANT A RECU TOUT LES VACCINS SELON SON AGE"
"1412","Enfant complètement vacciné,  carte non remplie"
"1413","DEPLACEMENT DU MENAGE POUR LE CHAMP"
"1414","RUPTURE DE STOCK AU CS"
"1415","LONG SEJOUR AUX CHAMPS"
"1416","COMPLÈTEMENT VACCINER SELON SON AGE"
"1417","MAMAN ETAIT PARTIE AU DEUIL AVEC SON ENFANT"
"1418","L'ENFANT A RECU TOUT LE VACCIN MAIS ON N'A PAS MENTIONNE SUR LA CARTE"
"1419","LA MERE RETOURNE CHEZ ELE PENDANT 2 MOIS HORS  AS"
"1420","TOUS LES VACCINS"
"1421","LA MÈRE DÉCLARE QUE L'ENFANT A REÇU TOUS LES VACCINS MAIS ELLE NE SE RENDAIT PAS AVEC LA CARTE DE VACCINATION"
"1422","LONG VOYAGE POUR LE DEUIL"
"1423","LA MAMAN PRECISE QUE L'ENFANT A REÇU LES DOSES DE NAISSANCE DANS UN AUTRE CENTRE"
"1424","PROBLEMES DE VACCINATEUR"
"1425","LA MERE DECLARE QUE L'ENFANT A RECU TOUS LES VACCINS"
"1426","PARENTS ABSENTS LES JOURS DES VACCINS"
"1427","SELON LES DÉCLARATIONS DE LA MAMAN L'ENFANT A RECU TOUS LES VACCIN"
"1428","ENFANT COMPLETEMENT VACCINE MAIS PAS MENTIONNE CARTE NON REMPLIE"
"1429","A RERU TOUT"
"1430","TOTALEMENT  VACCINER  MAIS NON ENREGISTRÉ  DANS LA CARTE"
"1431","PAS D'ARGENT POUR PAYEE LA FICHE"
"1432","ENFANT VACCINE NON INSCRIT SUR LA CARTE"
"1433","FICHE NON ADAPTEE"
"1434","MAUVAISE COMUNICATION DE LA PART DES PRESTATAIRE QUI LUI ONT DIT QUE L ENFANT A BENEFICIE TOUS LES VACCINS"
"1435","LA DECLARATION  DE MAMAN CONFIRME QUE L'ENFANT A RECU TOUT LE VACCIN"
"1436","OUBLIE DE LA CARTE AU DERNIER RENDEZVOUS"
"1437","ON SE DEPLACE TROP AVEC MON MARI"
"1438","A EU TOUS LES VACCINS SELON SON AGE"
"1439","VACCINS REÇUS NON RAPPORTES SUR LA CARTE DE VACCINATION"
"1440","ON NE TRANSCRIT PAS TOUSES VACCINS RECUS SUR LA CARTE"
"1441","SECURITE PRECAIRE"
"1442","MERE ABSENTE LE MOMENT DE VACCIN"
"1443","REFRIGERATEUR ETAIT EN PANNE"
"1444","RUPTURE DE STOCK AU CENTRE"
"1445","LA REPONDANTE NE CONNAIT PAS LES RAISONS"
"1446","VOYAGE DE LA MERE ET L ENFANT"
"1447","INDNAVERTANCE"
"1448","TOUT ETAIT DONNE PAS MENTIONNE SUR LA CARTE"
"1449","A tout reçu selon son âge"
"1450","L ENFANT A RECU TOUS LES VACCINS MAIS PAS MENTIONNE SUR LA FICHE"
"1451","Mère en voyage lors des rendez-vous"
"1452","DEPLACEMENT DANS UNE NOUVELLE AS SUITE AUX AFFRONTEMENTS ETHNIQUES"
